2025-07-07 13:13:17 [main] INFO  org.akirathan.netty.Main - Starting netty playground...
2025-07-07 13:13:17 [main] DEBUG c.a.c.implementation.ReflectionUtils - Attempting to use java.lang.invoke package to handle reflection.
2025-07-07 13:13:17 [main] DEBUG c.a.c.implementation.ReflectionUtils - Successfully used java.lang.invoke package to handle reflection.
2025-07-07 13:13:17 [main] DEBUG c.a.c.implementation.util.Providers - {"az.sdk.message":"Loaded default provider.","providerName":"com.azure.core.http.netty.NettyAsyncHttpClientProvider","providerClass":"com.azure.core.http.HttpClientProvider"}
2025-07-07 13:13:17 [main] INFO  c.a.c.h.n.i.NettyUtility - {"az.sdk.message":"The following Netty versions were found on the classpath and have a mismatch with the versions used by azure-core-http-netty. If your application runs without issue this message can be ignored, otherwise please align the Netty versions used in your application. For more information, see https://aka.ms/azsdk/java/dependency/troubleshoot.","azure-netty-version":null,"azure-netty-native-version":null,"classpath-netty-version-io.netty:netty-common":"unknown (not found and is required)","classpath-netty-version-io.netty:netty-handler":"unknown (not found and is required)","classpath-netty-version-io.netty:netty-handler-proxy":"unknown (not found and is required)","classpath-netty-version-io.netty:netty-buffer":"unknown (not found and is required)","classpath-netty-version-io.netty:netty-codec":"unknown (not found and is required)","classpath-netty-version-io.netty:netty-codec-http":"unknown (not found and is required)","classpath-netty-version-io.netty:netty-codec-http2":"unknown (not found and is required)"}
2025-07-07 13:13:17 [main] DEBUG reactor.util.Loggers - Using Slf4j logging framework
2025-07-07 13:13:17 [main] DEBUG i.n.u.i.l.InternalLoggerFactory - Using SLF4J as the default logging framework
2025-07-07 13:13:17 [main] DEBUG i.n.util.internal.PlatformDependent0 - -Dio.netty.noUnsafe: false
2025-07-07 13:13:17 [main] DEBUG i.n.util.internal.PlatformDependent0 - Java version: 24
2025-07-07 13:13:17 [main] DEBUG i.n.util.internal.PlatformDependent0 - sun.misc.Unsafe.theUnsafe: available
WARNING: A terminally deprecated method in sun.misc.Unsafe has been called
WARNING: sun.misc.Unsafe::allocateMemory has been called by io.netty.util.internal.PlatformDependent0$2 (file:/home/pavel/dev/netty-playground/target/netty-playground)
WARNING: Please consider reporting this to the maintainers of class io.netty.util.internal.PlatformDependent0$2
WARNING: sun.misc.Unsafe::allocateMemory will be removed in a future release
2025-07-07 13:13:17 [main] DEBUG i.n.util.internal.PlatformDependent0 - sun.misc.Unsafe base methods: all available
2025-07-07 13:13:17 [main] DEBUG i.n.util.internal.PlatformDependent0 - sun.misc.Unsafe.storeFence: available
2025-07-07 13:13:17 [main] DEBUG i.n.util.internal.PlatformDependent0 - java.nio.Buffer.address: available
2025-07-07 13:13:17 [main] DEBUG i.n.util.internal.PlatformDependent0 - direct buffer constructor: unavailable: Unable to make java.nio.DirectByteBuffer(long,long) accessible: module java.base does not "opens java.nio" to unnamed module @34d88379
2025-07-07 13:13:17 [main] DEBUG i.n.util.internal.PlatformDependent0 - java.nio.Bits.unaligned: unavailable, true, Unable to make static boolean java.nio.Bits.unaligned() accessible: module java.base does not "opens java.nio" to unnamed module @34d88379
2025-07-07 13:13:17 [main] DEBUG i.n.util.internal.PlatformDependent0 - jdk.internal.misc.Unsafe.allocateUninitializedArray(int): unavailable: class io.netty.util.internal.PlatformDependent0$7 cannot access class jdk.internal.misc.Unsafe (in module java.base) because module java.base does not export jdk.internal.misc to unnamed module @34d88379
2025-07-07 13:13:17 [main] DEBUG i.n.util.internal.PlatformDependent0 - java.nio.DirectByteBuffer.<init>(long, {int,long}): unavailable
2025-07-07 13:13:17 [main] DEBUG i.n.util.internal.PlatformDependent - sun.misc.Unsafe: available
2025-07-07 13:13:17 [main] DEBUG i.n.util.internal.PlatformDependent - maxDirectMemory: 34359738368 bytes (maybe)
2025-07-07 13:13:17 [main] DEBUG i.n.util.internal.PlatformDependent - -Dio.netty.tmpdir: /tmp (java.io.tmpdir)
2025-07-07 13:13:17 [main] DEBUG i.n.util.internal.PlatformDependent - -Dio.netty.bitMode: 64 (sun.arch.data.model)
2025-07-07 13:13:17 [main] DEBUG i.n.util.internal.PlatformDependent - -Dio.netty.maxDirectMemory: -1 bytes
2025-07-07 13:13:17 [main] DEBUG i.n.util.internal.PlatformDependent - -Dio.netty.uninitializedArrayAllocationThreshold: -1
2025-07-07 13:13:17 [main] DEBUG io.netty.util.internal.CleanerJava9 - java.nio.ByteBuffer.cleaner(): available
2025-07-07 13:13:17 [main] DEBUG i.n.util.internal.PlatformDependent - -Dio.netty.noPreferDirect: false
2025-07-07 13:13:17 [main] DEBUG i.n.u.i.InternalThreadLocalMap - -Dio.netty.threadLocalMap.stringBuilder.initialSize: 1024
2025-07-07 13:13:17 [main] DEBUG i.n.u.i.InternalThreadLocalMap - -Dio.netty.threadLocalMap.stringBuilder.maxSize: 4096
2025-07-07 13:13:17 [main] DEBUG io.netty.util.ResourceLeakDetector - -Dio.netty.leakDetection.level: simple
2025-07-07 13:13:17 [main] DEBUG io.netty.util.ResourceLeakDetector - -Dio.netty.leakDetection.targetRecords: 4
2025-07-07 13:13:17 [main] DEBUG io.netty.util.NetUtil - -Djava.net.preferIPv4Stack: false
2025-07-07 13:13:17 [main] DEBUG io.netty.util.NetUtil - -Djava.net.preferIPv6Addresses: false
2025-07-07 13:13:17 [main] DEBUG i.netty.util.NetUtilInitializations - Loopback interface: lo (lo, 0:0:0:0:0:0:0:1%lo)
2025-07-07 13:13:17 [main] DEBUG io.netty.util.NetUtil - /proc/sys/net/core/somaxconn: 4096
2025-07-07 13:13:17 [main] DEBUG i.n.u.internal.NativeLibraryLoader - -Dio.netty.native.workdir: /tmp (io.netty.tmpdir)
2025-07-07 13:13:17 [main] DEBUG i.n.u.internal.NativeLibraryLoader - -Dio.netty.native.deleteLibAfterLoading: true
2025-07-07 13:13:17 [main] DEBUG i.n.u.internal.NativeLibraryLoader - -Dio.netty.native.tryPatchShadedId: true
2025-07-07 13:13:17 [main] DEBUG i.n.u.internal.NativeLibraryLoader - -Dio.netty.native.detectNativeLibraryDuplicates: true
WARNING: A restricted method in java.lang.System has been called
WARNING: java.lang.System::loadLibrary has been called by io.netty.util.internal.NativeLibraryUtil in an unnamed module (file:/home/pavel/dev/netty-playground/target/netty-playground)
WARNING: Use --enable-native-access=ALL-UNNAMED to avoid a warning for callers in this module
WARNING: Restricted methods will be blocked in a future release unless native access is enabled

2025-07-07 13:13:17 [main] DEBUG io.netty.handler.ssl.OpenSsl - Failed to load netty-tcnative; OpenSslEngine will be unavailable, unless the application has already loaded the symbols by some other means. See https://netty.io/wiki/forked-tomcat-native.html for more information.
java.lang.IllegalArgumentException: Failed to load any of the given libraries: [netty_tcnative_linux_x86_64, netty_tcnative_linux_x86_64_fedora, netty_tcnative_x86_64, netty_tcnative]
	at io.netty.util.internal.NativeLibraryLoader.loadFirstAvailable(NativeLibraryLoader.java:114)
	at io.netty.handler.ssl.OpenSsl.loadTcNative(OpenSsl.java:696)
	at io.netty.handler.ssl.OpenSsl.<clinit>(OpenSsl.java:109)
	at io.netty.handler.ssl.SslProvider.isAlpnSupported(SslProvider.java:53)
	at reactor.netty.http.Http2SslContextSpec.lambda$static$0(Http2SslContextSpec.java:170)
	at reactor.netty.tcp.AbstractProtocolSslContextSpec.configure(AbstractProtocolSslContextSpec.java:47)
	at reactor.netty.tcp.AbstractProtocolSslContextSpec.<init>(AbstractProtocolSslContextSpec.java:39)
	at reactor.netty.http.Http2SslContextSpec.<init>(Http2SslContextSpec.java:155)
	at reactor.netty.http.Http2SslContextSpec.forClient(Http2SslContextSpec.java:59)
	at reactor.netty.http.client.HttpClientSecure.<clinit>(HttpClientSecure.java:58)
	at reactor.netty.http.client.HttpClientConnect$MonoHttpConnect.lambda$subscribe$0(HttpClientConnect.java:217)
	at reactor.core.publisher.MonoCreate.subscribe(MonoCreate.java:58)
	at reactor.core.publisher.FluxRetryWhen.subscribe(FluxRetryWhen.java:77)
	at reactor.core.publisher.MonoRetryWhen.subscribeOrReturn(MonoRetryWhen.java:46)
	at reactor.core.publisher.InternalMonoOperator.subscribe(InternalMonoOperator.java:57)
	at reactor.netty.http.client.HttpClientConnect$MonoHttpConnect.subscribe(HttpClientConnect.java:276)
	at reactor.core.publisher.Mono.subscribe(Mono.java:4491)
	at reactor.core.publisher.Mono.block(Mono.java:1741)
	at com.azure.core.http.netty.NettyAsyncHttpClient.sendSync(NettyAsyncHttpClient.java:195)
	at com.azure.core.http.HttpPipelineNextSyncPolicy.processSync(HttpPipelineNextSyncPolicy.java:51)
	at com.azure.storage.common.policy.ScrubEtagPolicy.processSync(ScrubEtagPolicy.java:35)
	at com.azure.core.http.HttpPipelineNextSyncPolicy.processSync(HttpPipelineNextSyncPolicy.java:53)
	at com.azure.core.http.policy.HttpLoggingPolicy.processSync(HttpLoggingPolicy.java:175)
	at com.azure.core.http.HttpPipelineNextSyncPolicy.processSync(HttpPipelineNextSyncPolicy.java:53)
	at com.azure.storage.common.policy.ResponseValidationPolicyBuilder$ResponseValidationPolicy.processSync(ResponseValidationPolicyBuilder.java:115)
	at com.azure.core.http.HttpPipelineNextSyncPolicy.processSync(HttpPipelineNextSyncPolicy.java:53)
	at com.azure.core.implementation.http.policy.InstrumentationPolicy.processSync(InstrumentationPolicy.java:101)
	at com.azure.core.http.HttpPipelineNextSyncPolicy.processSync(HttpPipelineNextSyncPolicy.java:53)
	at com.azure.core.http.policy.HttpPipelineSyncPolicy.processSync(HttpPipelineSyncPolicy.java:51)
	at com.azure.core.http.policy.AzureSasCredentialPolicy.processSync(AzureSasCredentialPolicy.java:112)
	at com.azure.core.http.HttpPipelineNextSyncPolicy.processSync(HttpPipelineNextSyncPolicy.java:53)
	at com.azure.storage.common.policy.MetadataValidationPolicy.processSync(MetadataValidationPolicy.java:42)
	at com.azure.core.http.HttpPipelineNextSyncPolicy.processSync(HttpPipelineNextSyncPolicy.java:53)
	at com.azure.core.http.policy.AddHeadersFromContextPolicy.processSync(AddHeadersFromContextPolicy.java:67)
	at com.azure.core.http.HttpPipelineNextSyncPolicy.processSync(HttpPipelineNextSyncPolicy.java:53)
	at com.azure.core.http.policy.AddDatePolicy.processSync(AddDatePolicy.java:50)
	at com.azure.core.http.HttpPipelineNextSyncPolicy.processSync(HttpPipelineNextSyncPolicy.java:53)
	at com.azure.storage.common.policy.RequestRetryPolicy.lambda$attemptSync$2(RequestRetryPolicy.java:261)
	at reactor.core.publisher.MonoCallable.block(MonoCallable.java:82)
	at reactor.core.publisher.MonoCallable.block(MonoCallable.java:75)
	at com.azure.storage.common.policy.RequestRetryPolicy.attemptSync(RequestRetryPolicy.java:270)
	at com.azure.storage.common.policy.RequestRetryPolicy.processSync(RequestRetryPolicy.java:71)
	at com.azure.core.http.HttpPipelineNextSyncPolicy.processSync(HttpPipelineNextSyncPolicy.java:53)
	at com.azure.core.http.policy.RequestIdPolicy.processSync(RequestIdPolicy.java:77)
	at com.azure.core.http.HttpPipelineNextSyncPolicy.processSync(HttpPipelineNextSyncPolicy.java:53)
	at com.azure.core.http.policy.HttpPipelineSyncPolicy.processSync(HttpPipelineSyncPolicy.java:51)
	at com.azure.core.http.policy.UserAgentPolicy.processSync(UserAgentPolicy.java:174)
	at com.azure.core.http.HttpPipelineNextSyncPolicy.processSync(HttpPipelineNextSyncPolicy.java:53)
	at com.azure.core.http.HttpPipeline.sendSync(HttpPipeline.java:138)
	at com.azure.core.implementation.http.rest.SyncRestProxy.send(SyncRestProxy.java:62)
	at com.azure.core.implementation.http.rest.SyncRestProxy.invoke(SyncRestProxy.java:83)
	at com.azure.core.implementation.http.rest.RestProxyBase.invoke(RestProxyBase.java:124)
	at com.azure.core.http.rest.RestProxy.invoke(RestProxy.java:95)
	at jdk.proxy4/jdk.proxy4.$Proxy/s1c4e4982.getPropertiesSync(Unknown Source)
	at com.azure.storage.blob.implementation.ContainersImpl.getPropertiesWithResponse(ContainersImpl.java:1471)
	at com.azure.storage.blob.BlobContainerClient.lambda$getPropertiesWithResponse$2(BlobContainerClient.java:672)
	at com.azure.storage.common.implementation.StorageImplUtils.sendRequest(StorageImplUtils.java:494)
	at com.azure.storage.blob.BlobContainerClient.getPropertiesWithResponse(BlobContainerClient.java:674)
	at com.azure.storage.blob.BlobContainerClient.existsWithResponse(BlobContainerClient.java:345)
	at com.azure.storage.blob.BlobContainerClient.exists(BlobContainerClient.java:324)
	at org.akirathan.netty.AzureConnector.listBlob(AzureConnector.java:41)
	at org.akirathan.netty.AzureConnector.listBlob(AzureConnector.java:18)
	at org.akirathan.netty.Main.main(Main.java:18)
	at java.base@24.0.1/java.lang.invoke.LambdaForm$DMH/sa346b79c.invokeStaticInit(LambdaForm$DMH)
	Suppressed: java.lang.UnsatisfiedLinkError: could not load a native library: netty_tcnative_linux_x86_64
		at io.netty.util.internal.NativeLibraryLoader.load(NativeLibraryLoader.java:239)
		at io.netty.util.internal.NativeLibraryLoader.loadFirstAvailable(NativeLibraryLoader.java:105)
		... 63 common frames omitted
	Caused by: java.io.FileNotFoundException: META-INF/native/libnetty_tcnative_linux_x86_64.so
		at io.netty.util.internal.NativeLibraryLoader.load(NativeLibraryLoader.java:186)
		... 64 common frames omitted
		Suppressed: java.lang.UnsatisfiedLinkError: Can't load library: netty_tcnative_linux_x86_64 | java.library.path = [/usr/lib64, /lib64, /lib, /usr/lib]
			at org.graalvm.nativeimage.builder/com.oracle.svm.core.jdk.NativeLibraries.loadLibraryRelative(NativeLibraries.java:141)
			at java.base@24.0.1/java.lang.ClassLoader.loadLibrary(ClassLoader.java:100)
			at java.base@24.0.1/java.lang.Runtime.loadLibrary0(Runtime.java:822)
			at java.base@24.0.1/java.lang.System.loadLibrary(System.java:1663)
			at io.netty.util.internal.NativeLibraryUtil.loadLibrary(NativeLibraryUtil.java:38)
			at io.netty.util.internal.NativeLibraryLoader.loadLibrary(NativeLibraryLoader.java:396)
			at io.netty.util.internal.NativeLibraryLoader.load(NativeLibraryLoader.java:161)
			... 64 common frames omitted
			Suppressed: java.lang.UnsatisfiedLinkError: Can't load library: netty_tcnative_linux_x86_64 | java.library.path = [/usr/lib64, /lib64, /lib, /usr/lib]
				at org.graalvm.nativeimage.builder/com.oracle.svm.core.jdk.NativeLibraries.loadLibraryRelative(NativeLibraries.java:141)
				at java.base@24.0.1/java.lang.ClassLoader.loadLibrary(ClassLoader.java:100)
				at java.base@24.0.1/java.lang.Runtime.loadLibrary0(Runtime.java:822)
				at java.base@24.0.1/java.lang.System.loadLibrary(System.java:1663)
				at io.netty.util.internal.NativeLibraryUtil.loadLibrary(NativeLibraryUtil.java:38)
				at java.base@24.0.1/java.lang.reflect.Method.invoke(Method.java:565)
				at io.netty.util.internal.NativeLibraryLoader$1.run(NativeLibraryLoader.java:430)
				at java.base@24.0.1/java.security.AccessController.doPrivileged(AccessController.java:74)
				at io.netty.util.internal.NativeLibraryLoader.loadLibraryByHelper(NativeLibraryLoader.java:422)
				at io.netty.util.internal.NativeLibraryLoader.loadLibrary(NativeLibraryLoader.java:388)
				... 65 common frames omitted
	Suppressed: java.lang.UnsatisfiedLinkError: could not load a native library: netty_tcnative_linux_x86_64_fedora
		at io.netty.util.internal.NativeLibraryLoader.load(NativeLibraryLoader.java:239)
		at io.netty.util.internal.NativeLibraryLoader.loadFirstAvailable(NativeLibraryLoader.java:105)
		... 63 common frames omitted
	Caused by: java.io.FileNotFoundException: META-INF/native/libnetty_tcnative_linux_x86_64_fedora.so
		at io.netty.util.internal.NativeLibraryLoader.load(NativeLibraryLoader.java:186)
		... 64 common frames omitted
		Suppressed: java.lang.UnsatisfiedLinkError: Can't load library: netty_tcnative_linux_x86_64_fedora | java.library.path = [/usr/lib64, /lib64, /lib, /usr/lib]
			at org.graalvm.nativeimage.builder/com.oracle.svm.core.jdk.NativeLibraries.loadLibraryRelative(NativeLibraries.java:141)
			at java.base@24.0.1/java.lang.ClassLoader.loadLibrary(ClassLoader.java:100)
			at java.base@24.0.1/java.lang.Runtime.loadLibrary0(Runtime.java:822)
			at java.base@24.0.1/java.lang.System.loadLibrary(System.java:1663)
			at io.netty.util.internal.NativeLibraryUtil.loadLibrary(NativeLibraryUtil.java:38)
			at io.netty.util.internal.NativeLibraryLoader.loadLibrary(NativeLibraryLoader.java:396)
			at io.netty.util.internal.NativeLibraryLoader.load(NativeLibraryLoader.java:161)
			... 64 common frames omitted
			Suppressed: java.lang.UnsatisfiedLinkError: Can't load library: netty_tcnative_linux_x86_64_fedora | java.library.path = [/usr/lib64, /lib64, /lib, /usr/lib]
				at org.graalvm.nativeimage.builder/com.oracle.svm.core.jdk.NativeLibraries.loadLibraryRelative(NativeLibraries.java:141)
				at java.base@24.0.1/java.lang.ClassLoader.loadLibrary(ClassLoader.java:100)
				at java.base@24.0.1/java.lang.Runtime.loadLibrary0(Runtime.java:822)
				at java.base@24.0.1/java.lang.System.loadLibrary(System.java:1663)
				at io.netty.util.internal.NativeLibraryUtil.loadLibrary(NativeLibraryUtil.java:38)
				at java.base@24.0.1/java.lang.reflect.Method.invoke(Method.java:565)
				at io.netty.util.internal.NativeLibraryLoader$1.run(NativeLibraryLoader.java:430)
				at java.base@24.0.1/java.security.AccessController.doPrivileged(AccessController.java:74)
				at io.netty.util.internal.NativeLibraryLoader.loadLibraryByHelper(NativeLibraryLoader.java:422)
				at io.netty.util.internal.NativeLibraryLoader.loadLibrary(NativeLibraryLoader.java:388)
				... 65 common frames omitted
	Suppressed: java.lang.UnsatisfiedLinkError: could not load a native library: netty_tcnative_x86_64
		at io.netty.util.internal.NativeLibraryLoader.load(NativeLibraryLoader.java:239)
		at io.netty.util.internal.NativeLibraryLoader.loadFirstAvailable(NativeLibraryLoader.java:105)
		... 63 common frames omitted
	Caused by: java.io.FileNotFoundException: META-INF/native/libnetty_tcnative_x86_64.so
		at io.netty.util.internal.NativeLibraryLoader.load(NativeLibraryLoader.java:186)
		... 64 common frames omitted
		Suppressed: java.lang.UnsatisfiedLinkError: Can't load library: netty_tcnative_x86_64 | java.library.path = [/usr/lib64, /lib64, /lib, /usr/lib]
			at org.graalvm.nativeimage.builder/com.oracle.svm.core.jdk.NativeLibraries.loadLibraryRelative(NativeLibraries.java:141)
			at java.base@24.0.1/java.lang.ClassLoader.loadLibrary(ClassLoader.java:100)
			at java.base@24.0.1/java.lang.Runtime.loadLibrary0(Runtime.java:822)
			at java.base@24.0.1/java.lang.System.loadLibrary(System.java:1663)
			at io.netty.util.internal.NativeLibraryUtil.loadLibrary(NativeLibraryUtil.java:38)
			at io.netty.util.internal.NativeLibraryLoader.loadLibrary(NativeLibraryLoader.java:396)
			at io.netty.util.internal.NativeLibraryLoader.load(NativeLibraryLoader.java:161)
			... 64 common frames omitted
			Suppressed: java.lang.UnsatisfiedLinkError: Can't load library: netty_tcnative_x86_64 | java.library.path = [/usr/lib64, /lib64, /lib, /usr/lib]
				at org.graalvm.nativeimage.builder/com.oracle.svm.core.jdk.NativeLibraries.loadLibraryRelative(NativeLibraries.java:141)
				at java.base@24.0.1/java.lang.ClassLoader.loadLibrary(ClassLoader.java:100)
				at java.base@24.0.1/java.lang.Runtime.loadLibrary0(Runtime.java:822)
				at java.base@24.0.1/java.lang.System.loadLibrary(System.java:1663)
				at io.netty.util.internal.NativeLibraryUtil.loadLibrary(NativeLibraryUtil.java:38)
				at java.base@24.0.1/java.lang.reflect.Method.invoke(Method.java:565)
				at io.netty.util.internal.NativeLibraryLoader$1.run(NativeLibraryLoader.java:430)
				at java.base@24.0.1/java.security.AccessController.doPrivileged(AccessController.java:74)
				at io.netty.util.internal.NativeLibraryLoader.loadLibraryByHelper(NativeLibraryLoader.java:422)
				at io.netty.util.internal.NativeLibraryLoader.loadLibrary(NativeLibraryLoader.java:388)
				... 65 common frames omitted
	Suppressed: java.lang.UnsatisfiedLinkError: could not load a native library: netty_tcnative
		at io.netty.util.internal.NativeLibraryLoader.load(NativeLibraryLoader.java:239)
		at io.netty.util.internal.NativeLibraryLoader.loadFirstAvailable(NativeLibraryLoader.java:105)
		... 63 common frames omitted
	Caused by: java.io.FileNotFoundException: META-INF/native/libnetty_tcnative.so
		at io.netty.util.internal.NativeLibraryLoader.load(NativeLibraryLoader.java:186)
		... 64 common frames omitted
		Suppressed: java.lang.UnsatisfiedLinkError: Can't load library: netty_tcnative | java.library.path = [/usr/lib64, /lib64, /lib, /usr/lib]
			at org.graalvm.nativeimage.builder/com.oracle.svm.core.jdk.NativeLibraries.loadLibraryRelative(NativeLibraries.java:141)
			at java.base@24.0.1/java.lang.ClassLoader.loadLibrary(ClassLoader.java:100)
			at java.base@24.0.1/java.lang.Runtime.loadLibrary0(Runtime.java:822)
			at java.base@24.0.1/java.lang.System.loadLibrary(System.java:1663)
			at io.netty.util.internal.NativeLibraryUtil.loadLibrary(NativeLibraryUtil.java:38)
			at io.netty.util.internal.NativeLibraryLoader.loadLibrary(NativeLibraryLoader.java:396)
			at io.netty.util.internal.NativeLibraryLoader.load(NativeLibraryLoader.java:161)
			... 64 common frames omitted
			Suppressed: java.lang.UnsatisfiedLinkError: Can't load library: netty_tcnative | java.library.path = [/usr/lib64, /lib64, /lib, /usr/lib]
				at org.graalvm.nativeimage.builder/com.oracle.svm.core.jdk.NativeLibraries.loadLibraryRelative(NativeLibraries.java:141)
				at java.base@24.0.1/java.lang.ClassLoader.loadLibrary(ClassLoader.java:100)
				at java.base@24.0.1/java.lang.Runtime.loadLibrary0(Runtime.java:822)
				at java.base@24.0.1/java.lang.System.loadLibrary(System.java:1663)
				at io.netty.util.internal.NativeLibraryUtil.loadLibrary(NativeLibraryUtil.java:38)
				at java.base@24.0.1/java.lang.reflect.Method.invoke(Method.java:565)
				at io.netty.util.internal.NativeLibraryLoader$1.run(NativeLibraryLoader.java:430)
				at java.base@24.0.1/java.security.AccessController.doPrivileged(AccessController.java:74)
				at io.netty.util.internal.NativeLibraryLoader.loadLibraryByHelper(NativeLibraryLoader.java:422)
				at io.netty.util.internal.NativeLibraryLoader.loadLibrary(NativeLibraryLoader.java:388)
				... 65 common frames omitted
2025-07-07 13:13:17 [main] DEBUG io.netty.handler.ssl.OpenSsl - Initialize netty-tcnative using engine: 'default'
2025-07-07 13:13:17 [main] DEBUG io.netty.handler.ssl.OpenSsl - Failed to initialize netty-tcnative; OpenSslEngine will be unavailable. See https://netty.io/wiki/forked-tomcat-native.html for more information.
java.lang.UnsatisfiedLinkError: io.netty.internal.tcnative.Library.aprMajorVersion()I [symbol: Java_io_netty_internal_tcnative_Library_aprMajorVersion or Java_io_netty_internal_tcnative_Library_aprMajorVersion__]
	at org.graalvm.nativeimage.builder/com.oracle.svm.core.jni.access.JNINativeLinkage.getOrFindEntryPoint(JNINativeLinkage.java:152)
	at org.graalvm.nativeimage.builder/com.oracle.svm.core.jni.JNIGeneratedMethodSupport.nativeCallAddress(JNIGeneratedMethodSupport.java:41)
	at io.netty.internal.tcnative.Library.aprMajorVersion(Native Method)
	at io.netty.internal.tcnative.Library.initialize(Library.java:191)
	at io.netty.handler.ssl.OpenSsl.initializeTcNative(OpenSsl.java:701)
	at io.netty.handler.ssl.OpenSsl.<clinit>(OpenSsl.java:126)
	at io.netty.handler.ssl.SslProvider.isAlpnSupported(SslProvider.java:53)
	at reactor.netty.http.Http2SslContextSpec.lambda$static$0(Http2SslContextSpec.java:170)
	at reactor.netty.tcp.AbstractProtocolSslContextSpec.configure(AbstractProtocolSslContextSpec.java:47)
	at reactor.netty.tcp.AbstractProtocolSslContextSpec.<init>(AbstractProtocolSslContextSpec.java:39)
	at reactor.netty.http.Http2SslContextSpec.<init>(Http2SslContextSpec.java:155)
	at reactor.netty.http.Http2SslContextSpec.forClient(Http2SslContextSpec.java:59)
	at reactor.netty.http.client.HttpClientSecure.<clinit>(HttpClientSecure.java:58)
	at reactor.netty.http.client.HttpClientConnect$MonoHttpConnect.lambda$subscribe$0(HttpClientConnect.java:217)
	at reactor.core.publisher.MonoCreate.subscribe(MonoCreate.java:58)
	at reactor.core.publisher.FluxRetryWhen.subscribe(FluxRetryWhen.java:77)
	at reactor.core.publisher.MonoRetryWhen.subscribeOrReturn(MonoRetryWhen.java:46)
	at reactor.core.publisher.InternalMonoOperator.subscribe(InternalMonoOperator.java:57)
	at reactor.netty.http.client.HttpClientConnect$MonoHttpConnect.subscribe(HttpClientConnect.java:276)
	at reactor.core.publisher.Mono.subscribe(Mono.java:4491)
	at reactor.core.publisher.Mono.block(Mono.java:1741)
	at com.azure.core.http.netty.NettyAsyncHttpClient.sendSync(NettyAsyncHttpClient.java:195)
	at com.azure.core.http.HttpPipelineNextSyncPolicy.processSync(HttpPipelineNextSyncPolicy.java:51)
	at com.azure.storage.common.policy.ScrubEtagPolicy.processSync(ScrubEtagPolicy.java:35)
	at com.azure.core.http.HttpPipelineNextSyncPolicy.processSync(HttpPipelineNextSyncPolicy.java:53)
	at com.azure.core.http.policy.HttpLoggingPolicy.processSync(HttpLoggingPolicy.java:175)
	at com.azure.core.http.HttpPipelineNextSyncPolicy.processSync(HttpPipelineNextSyncPolicy.java:53)
	at com.azure.storage.common.policy.ResponseValidationPolicyBuilder$ResponseValidationPolicy.processSync(ResponseValidationPolicyBuilder.java:115)
	at com.azure.core.http.HttpPipelineNextSyncPolicy.processSync(HttpPipelineNextSyncPolicy.java:53)
	at com.azure.core.implementation.http.policy.InstrumentationPolicy.processSync(InstrumentationPolicy.java:101)
	at com.azure.core.http.HttpPipelineNextSyncPolicy.processSync(HttpPipelineNextSyncPolicy.java:53)
	at com.azure.core.http.policy.HttpPipelineSyncPolicy.processSync(HttpPipelineSyncPolicy.java:51)
	at com.azure.core.http.policy.AzureSasCredentialPolicy.processSync(AzureSasCredentialPolicy.java:112)
	at com.azure.core.http.HttpPipelineNextSyncPolicy.processSync(HttpPipelineNextSyncPolicy.java:53)
	at com.azure.storage.common.policy.MetadataValidationPolicy.processSync(MetadataValidationPolicy.java:42)
	at com.azure.core.http.HttpPipelineNextSyncPolicy.processSync(HttpPipelineNextSyncPolicy.java:53)
	at com.azure.core.http.policy.AddHeadersFromContextPolicy.processSync(AddHeadersFromContextPolicy.java:67)
	at com.azure.core.http.HttpPipelineNextSyncPolicy.processSync(HttpPipelineNextSyncPolicy.java:53)
	at com.azure.core.http.policy.AddDatePolicy.processSync(AddDatePolicy.java:50)
	at com.azure.core.http.HttpPipelineNextSyncPolicy.processSync(HttpPipelineNextSyncPolicy.java:53)
	at com.azure.storage.common.policy.RequestRetryPolicy.lambda$attemptSync$2(RequestRetryPolicy.java:261)
	at reactor.core.publisher.MonoCallable.block(MonoCallable.java:82)
	at reactor.core.publisher.MonoCallable.block(MonoCallable.java:75)
	at com.azure.storage.common.policy.RequestRetryPolicy.attemptSync(RequestRetryPolicy.java:270)
	at com.azure.storage.common.policy.RequestRetryPolicy.processSync(RequestRetryPolicy.java:71)
	at com.azure.core.http.HttpPipelineNextSyncPolicy.processSync(HttpPipelineNextSyncPolicy.java:53)
	at com.azure.core.http.policy.RequestIdPolicy.processSync(RequestIdPolicy.java:77)
	at com.azure.core.http.HttpPipelineNextSyncPolicy.processSync(HttpPipelineNextSyncPolicy.java:53)
	at com.azure.core.http.policy.HttpPipelineSyncPolicy.processSync(HttpPipelineSyncPolicy.java:51)
	at com.azure.core.http.policy.UserAgentPolicy.processSync(UserAgentPolicy.java:174)
	at com.azure.core.http.HttpPipelineNextSyncPolicy.processSync(HttpPipelineNextSyncPolicy.java:53)
	at com.azure.core.http.HttpPipeline.sendSync(HttpPipeline.java:138)
	at com.azure.core.implementation.http.rest.SyncRestProxy.send(SyncRestProxy.java:62)
	at com.azure.core.implementation.http.rest.SyncRestProxy.invoke(SyncRestProxy.java:83)
	at com.azure.core.implementation.http.rest.RestProxyBase.invoke(RestProxyBase.java:124)
	at com.azure.core.http.rest.RestProxy.invoke(RestProxy.java:95)
	at jdk.proxy4/jdk.proxy4.$Proxy/s1c4e4982.getPropertiesSync(Unknown Source)
	at com.azure.storage.blob.implementation.ContainersImpl.getPropertiesWithResponse(ContainersImpl.java:1471)
	at com.azure.storage.blob.BlobContainerClient.lambda$getPropertiesWithResponse$2(BlobContainerClient.java:672)
	at com.azure.storage.common.implementation.StorageImplUtils.sendRequest(StorageImplUtils.java:494)
	at com.azure.storage.blob.BlobContainerClient.getPropertiesWithResponse(BlobContainerClient.java:674)
	at com.azure.storage.blob.BlobContainerClient.existsWithResponse(BlobContainerClient.java:345)
	at com.azure.storage.blob.BlobContainerClient.exists(BlobContainerClient.java:324)
	at org.akirathan.netty.AzureConnector.listBlob(AzureConnector.java:41)
	at org.akirathan.netty.AzureConnector.listBlob(AzureConnector.java:18)
	at org.akirathan.netty.Main.main(Main.java:18)
	at java.base@24.0.1/java.lang.invoke.LambdaForm$DMH/sa346b79c.invokeStaticInit(LambdaForm$DMH)
2025-07-07 13:13:17 [main] DEBUG io.netty.handler.ssl.JdkSslContext - Default protocols (JDK): [TLSv1.3, TLSv1.2] 
2025-07-07 13:13:17 [main] DEBUG io.netty.handler.ssl.JdkSslContext - Default cipher suites (JDK): [TLS_ECDHE_ECDSA_WITH_AES_256_GCM_SHA384, TLS_ECDHE_ECDSA_WITH_AES_128_GCM_SHA256, TLS_ECDHE_RSA_WITH_AES_128_GCM_SHA256, TLS_ECDHE_RSA_WITH_AES_256_GCM_SHA384, TLS_ECDHE_RSA_WITH_AES_128_CBC_SHA, TLS_ECDHE_RSA_WITH_AES_256_CBC_SHA, TLS_AES_128_GCM_SHA256, TLS_AES_256_GCM_SHA384]
2025-07-07 13:13:17 [main] DEBUG reactor.netty.tcp.TcpResources - [http] resources will use the default LoopResources: DefaultLoopResources {prefix=reactor-http, daemon=true, selectCount=16, workerCount=16}
2025-07-07 13:13:17 [main] DEBUG reactor.netty.tcp.TcpResources - [http] resources will use the default ConnectionProvider: reactor.netty.resources.DefaultPooledConnectionProvider@21e8f3d6
2025-07-07 13:13:17 [main] DEBUG r.n.r.PooledConnectionProvider - Creating a new [http] client pool [PoolFactory{evictionInterval=PT0S, leasingStrategy=fifo, maxConnections=500, maxIdleTime=-1, maxLifeTime=-1, metricsEnabled=false, pendingAcquireMaxCount=1000, pendingAcquireTimeout=45000}] for [ensostorage.blob.core.windows.net/<unresolved>:443]
2025-07-07 13:13:17 [main] DEBUG r.netty.resources.DefaultLoopIOUring - Default io_uring support : false
2025-07-07 13:13:17 [main] DEBUG i.n.u.internal.NativeLibraryLoader - Successfully loaded the library /tmp/libnetty_transport_native_epoll_x86_6411154419243820406584.so
2025-07-07 13:13:17 [main] DEBUG r.netty.resources.DefaultLoopEpoll - Default Epoll support : true
2025-07-07 13:13:17 [main] DEBUG i.n.c.MultithreadEventLoopGroup - -Dio.netty.eventLoopThreads: 32
2025-07-07 13:13:17 [main] DEBUG i.n.u.concurrent.GlobalEventExecutor - -Dio.netty.globalEventExecutor.quietPeriodSeconds: 1
2025-07-07 13:13:17 [main] DEBUG i.n.util.internal.PlatformDependent - org.jctools-core.MpscChunkedArrayQueue: available
2025-07-07 13:13:17 [main] DEBUG io.netty.channel.DefaultChannelId - -Dio.netty.processId: 34969 (auto-detected)
2025-07-07 13:13:17 [main] DEBUG io.netty.channel.DefaultChannelId - -Dio.netty.machineId: f0:57:a6:ff:fe:85:57:e6 (auto-detected)
2025-07-07 13:13:17 [main] DEBUG i.n.buffer.PooledByteBufAllocator - -Dio.netty.allocator.numHeapArenas: 32
2025-07-07 13:13:17 [main] DEBUG i.n.buffer.PooledByteBufAllocator - -Dio.netty.allocator.numDirectArenas: 32
2025-07-07 13:13:17 [main] DEBUG i.n.buffer.PooledByteBufAllocator - -Dio.netty.allocator.pageSize: 8192
2025-07-07 13:13:17 [main] DEBUG i.n.buffer.PooledByteBufAllocator - -Dio.netty.allocator.maxOrder: 9
2025-07-07 13:13:17 [main] DEBUG i.n.buffer.PooledByteBufAllocator - -Dio.netty.allocator.chunkSize: 4194304
2025-07-07 13:13:17 [main] DEBUG i.n.buffer.PooledByteBufAllocator - -Dio.netty.allocator.smallCacheSize: 256
2025-07-07 13:13:17 [main] DEBUG i.n.buffer.PooledByteBufAllocator - -Dio.netty.allocator.normalCacheSize: 64
2025-07-07 13:13:17 [main] DEBUG i.n.buffer.PooledByteBufAllocator - -Dio.netty.allocator.maxCachedBufferCapacity: 32768
2025-07-07 13:13:17 [main] DEBUG i.n.buffer.PooledByteBufAllocator - -Dio.netty.allocator.cacheTrimInterval: 8192
2025-07-07 13:13:17 [main] DEBUG i.n.buffer.PooledByteBufAllocator - -Dio.netty.allocator.cacheTrimIntervalMillis: 0
2025-07-07 13:13:17 [main] DEBUG i.n.buffer.PooledByteBufAllocator - -Dio.netty.allocator.useCacheForAllThreads: false
2025-07-07 13:13:17 [main] DEBUG i.n.buffer.PooledByteBufAllocator - -Dio.netty.allocator.maxCachedByteBuffersPerChunk: 1023
2025-07-07 13:13:17 [main] DEBUG i.n.buffer.PooledByteBufAllocator - -Dio.netty.allocator.disableCacheFinalizersForFastThreadLocalThreads: false
2025-07-07 13:13:17 [main] DEBUG io.netty.buffer.ByteBufUtil - -Dio.netty.allocator.type: pooled
2025-07-07 13:13:17 [main] DEBUG io.netty.buffer.ByteBufUtil - -Dio.netty.threadLocalDirectBufferSize: 0
2025-07-07 13:13:17 [main] DEBUG io.netty.buffer.ByteBufUtil - -Dio.netty.maxThreadLocalCharBufferSize: 16384
2025-07-07 13:13:17 [reactor-http-epoll-1] DEBUG r.n.r.PooledConnectionProvider - [c319a25a] Created a new pooled channel, now: 0 active connections, 0 inactive connections and 0 pending acquire requests.
2025-07-07 13:13:17 [reactor-http-epoll-1] DEBUG io.netty.channel.ChannelHandlerMask - Class class reactor.netty.channel.ChannelOperationsHandler missing method channelActive, assume we can not skip execution
java.lang.NoSuchMethodException: reactor.netty.channel.ChannelOperationsHandler.channelActive(io.netty.channel.ChannelHandlerContext)
	at java.base@24.0.1/java.lang.Class.checkMethod(DynamicHub.java:1176)
	at java.base@24.0.1/java.lang.Class.getMethod(DynamicHub.java:1170)
	at io.netty.channel.ChannelHandlerMask$2.run(ChannelHandlerMask.java:174)
	at io.netty.channel.ChannelHandlerMask$2.run(ChannelHandlerMask.java:169)
	at java.base@24.0.1/java.security.AccessController.doPrivileged(AccessController.java:251)
	at io.netty.channel.ChannelHandlerMask.isSkippable(ChannelHandlerMask.java:169)
	at io.netty.channel.ChannelHandlerMask.mask0(ChannelHandlerMask.java:103)
	at io.netty.channel.ChannelHandlerMask.mask(ChannelHandlerMask.java:82)
	at io.netty.channel.AbstractChannelHandlerContext.<init>(AbstractChannelHandlerContext.java:109)
	at io.netty.channel.DefaultChannelHandlerContext.<init>(DefaultChannelHandlerContext.java:26)
	at io.netty.channel.DefaultChannelPipeline.newContext(DefaultChannelPipeline.java:119)
	at io.netty.channel.DefaultChannelPipeline.internalAdd(DefaultChannelPipeline.java:169)
	at io.netty.channel.DefaultChannelPipeline.addLast(DefaultChannelPipeline.java:227)
	at io.netty.channel.DefaultChannelPipeline.addLast(DefaultChannelPipeline.java:222)
	at reactor.netty.channel.ChannelOperations.addReactiveBridge(ChannelOperations.java:80)
	at reactor.netty.transport.TransportConfig$TransportChannelInitializer.initChannel(TransportConfig.java:414)
	at io.netty.channel.ChannelInitializer.initChannel(ChannelInitializer.java:129)
	at io.netty.channel.ChannelInitializer.handlerAdded(ChannelInitializer.java:112)
	at io.netty.channel.AbstractChannelHandlerContext.callHandlerAdded(AbstractChannelHandlerContext.java:1130)
	at io.netty.channel.DefaultChannelPipeline.callHandlerAdded0(DefaultChannelPipeline.java:558)
	at io.netty.channel.DefaultChannelPipeline.internalAdd(DefaultChannelPipeline.java:203)
	at io.netty.channel.DefaultChannelPipeline.addFirst(DefaultChannelPipeline.java:209)
	at io.netty.channel.DefaultChannelPipeline.addFirst(DefaultChannelPipeline.java:307)
	at io.netty.channel.DefaultChannelPipeline.addFirst(DefaultChannelPipeline.java:288)
	at reactor.netty.resources.DefaultPooledConnectionProvider$PooledConnectionAllocator$PooledConnectionInitializer.initChannel(DefaultPooledConnectionProvider.java:546)
	at io.netty.channel.ChannelInitializer.initChannel(ChannelInitializer.java:129)
	at io.netty.channel.ChannelInitializer.handlerAdded(ChannelInitializer.java:112)
	at io.netty.channel.AbstractChannelHandlerContext.callHandlerAdded(AbstractChannelHandlerContext.java:1130)
	at io.netty.channel.DefaultChannelPipeline.callHandlerAdded0(DefaultChannelPipeline.java:558)
	at io.netty.channel.DefaultChannelPipeline.access$100(DefaultChannelPipeline.java:45)
	at io.netty.channel.DefaultChannelPipeline$PendingHandlerAddedTask.execute(DefaultChannelPipeline.java:1410)
	at io.netty.channel.DefaultChannelPipeline.callHandlerAddedForAllHandlers(DefaultChannelPipeline.java:1064)
	at io.netty.channel.DefaultChannelPipeline.invokeHandlerAddedIfNeeded(DefaultChannelPipeline.java:599)
	at io.netty.channel.AbstractChannel$AbstractUnsafe.register0(AbstractChannel.java:513)
	at io.netty.channel.AbstractChannel$AbstractUnsafe.access$200(AbstractChannel.java:428)
	at io.netty.channel.AbstractChannel$AbstractUnsafe$1.run(AbstractChannel.java:485)
	at io.netty.util.concurrent.AbstractEventExecutor.runTask(AbstractEventExecutor.java:173)
	at io.netty.util.concurrent.AbstractEventExecutor.safeExecute(AbstractEventExecutor.java:166)
	at io.netty.util.concurrent.SingleThreadEventExecutor.runAllTasks(SingleThreadEventExecutor.java:472)
	at io.netty.channel.epoll.EpollEventLoop.run(EpollEventLoop.java:405)
	at io.netty.util.concurrent.SingleThreadEventExecutor$4.run(SingleThreadEventExecutor.java:998)
	at io.netty.util.internal.ThreadExecutorMap$2.run(ThreadExecutorMap.java:74)
	at io.netty.util.concurrent.FastThreadLocalRunnable.run(FastThreadLocalRunnable.java:30)
	at java.base@24.0.1/java.lang.Thread.runWith(Thread.java:1460)
	at java.base@24.0.1/java.lang.Thread.run(Thread.java:1447)
	at org.graalvm.nativeimage.builder/com.oracle.svm.core.thread.PlatformThreads.threadStartRoutine(PlatformThreads.java:832)
	at org.graalvm.nativeimage.builder/com.oracle.svm.core.thread.PlatformThreads.threadStartRoutine(PlatformThreads.java:808)
2025-07-07 13:13:17 [reactor-http-epoll-1] DEBUG io.netty.channel.ChannelHandlerMask - Class class reactor.netty.channel.ChannelOperationsHandler missing method channelInactive, assume we can not skip execution
java.lang.NoSuchMethodException: reactor.netty.channel.ChannelOperationsHandler.channelInactive(io.netty.channel.ChannelHandlerContext)
	at java.base@24.0.1/java.lang.Class.checkMethod(DynamicHub.java:1176)
	at java.base@24.0.1/java.lang.Class.getMethod(DynamicHub.java:1170)
	at io.netty.channel.ChannelHandlerMask$2.run(ChannelHandlerMask.java:174)
	at io.netty.channel.ChannelHandlerMask$2.run(ChannelHandlerMask.java:169)
	at java.base@24.0.1/java.security.AccessController.doPrivileged(AccessController.java:251)
	at io.netty.channel.ChannelHandlerMask.isSkippable(ChannelHandlerMask.java:169)
	at io.netty.channel.ChannelHandlerMask.mask0(ChannelHandlerMask.java:106)
	at io.netty.channel.ChannelHandlerMask.mask(ChannelHandlerMask.java:82)
	at io.netty.channel.AbstractChannelHandlerContext.<init>(AbstractChannelHandlerContext.java:109)
	at io.netty.channel.DefaultChannelHandlerContext.<init>(DefaultChannelHandlerContext.java:26)
	at io.netty.channel.DefaultChannelPipeline.newContext(DefaultChannelPipeline.java:119)
	at io.netty.channel.DefaultChannelPipeline.internalAdd(DefaultChannelPipeline.java:169)
	at io.netty.channel.DefaultChannelPipeline.addLast(DefaultChannelPipeline.java:227)
	at io.netty.channel.DefaultChannelPipeline.addLast(DefaultChannelPipeline.java:222)
	at reactor.netty.channel.ChannelOperations.addReactiveBridge(ChannelOperations.java:80)
	at reactor.netty.transport.TransportConfig$TransportChannelInitializer.initChannel(TransportConfig.java:414)
	at io.netty.channel.ChannelInitializer.initChannel(ChannelInitializer.java:129)
	at io.netty.channel.ChannelInitializer.handlerAdded(ChannelInitializer.java:112)
	at io.netty.channel.AbstractChannelHandlerContext.callHandlerAdded(AbstractChannelHandlerContext.java:1130)
	at io.netty.channel.DefaultChannelPipeline.callHandlerAdded0(DefaultChannelPipeline.java:558)
	at io.netty.channel.DefaultChannelPipeline.internalAdd(DefaultChannelPipeline.java:203)
	at io.netty.channel.DefaultChannelPipeline.addFirst(DefaultChannelPipeline.java:209)
	at io.netty.channel.DefaultChannelPipeline.addFirst(DefaultChannelPipeline.java:307)
	at io.netty.channel.DefaultChannelPipeline.addFirst(DefaultChannelPipeline.java:288)
	at reactor.netty.resources.DefaultPooledConnectionProvider$PooledConnectionAllocator$PooledConnectionInitializer.initChannel(DefaultPooledConnectionProvider.java:546)
	at io.netty.channel.ChannelInitializer.initChannel(ChannelInitializer.java:129)
	at io.netty.channel.ChannelInitializer.handlerAdded(ChannelInitializer.java:112)
	at io.netty.channel.AbstractChannelHandlerContext.callHandlerAdded(AbstractChannelHandlerContext.java:1130)
	at io.netty.channel.DefaultChannelPipeline.callHandlerAdded0(DefaultChannelPipeline.java:558)
	at io.netty.channel.DefaultChannelPipeline.access$100(DefaultChannelPipeline.java:45)
	at io.netty.channel.DefaultChannelPipeline$PendingHandlerAddedTask.execute(DefaultChannelPipeline.java:1410)
	at io.netty.channel.DefaultChannelPipeline.callHandlerAddedForAllHandlers(DefaultChannelPipeline.java:1064)
	at io.netty.channel.DefaultChannelPipeline.invokeHandlerAddedIfNeeded(DefaultChannelPipeline.java:599)
	at io.netty.channel.AbstractChannel$AbstractUnsafe.register0(AbstractChannel.java:513)
	at io.netty.channel.AbstractChannel$AbstractUnsafe.access$200(AbstractChannel.java:428)
	at io.netty.channel.AbstractChannel$AbstractUnsafe$1.run(AbstractChannel.java:485)
	at io.netty.util.concurrent.AbstractEventExecutor.runTask(AbstractEventExecutor.java:173)
	at io.netty.util.concurrent.AbstractEventExecutor.safeExecute(AbstractEventExecutor.java:166)
	at io.netty.util.concurrent.SingleThreadEventExecutor.runAllTasks(SingleThreadEventExecutor.java:472)
	at io.netty.channel.epoll.EpollEventLoop.run(EpollEventLoop.java:405)
	at io.netty.util.concurrent.SingleThreadEventExecutor$4.run(SingleThreadEventExecutor.java:998)
	at io.netty.util.internal.ThreadExecutorMap$2.run(ThreadExecutorMap.java:74)
	at io.netty.util.concurrent.FastThreadLocalRunnable.run(FastThreadLocalRunnable.java:30)
	at java.base@24.0.1/java.lang.Thread.runWith(Thread.java:1460)
	at java.base@24.0.1/java.lang.Thread.run(Thread.java:1447)
	at org.graalvm.nativeimage.builder/com.oracle.svm.core.thread.PlatformThreads.threadStartRoutine(PlatformThreads.java:832)
	at org.graalvm.nativeimage.builder/com.oracle.svm.core.thread.PlatformThreads.threadStartRoutine(PlatformThreads.java:808)
2025-07-07 13:13:17 [reactor-http-epoll-1] DEBUG io.netty.channel.ChannelHandlerMask - Class class reactor.netty.channel.ChannelOperationsHandler missing method channelRead, assume we can not skip execution
java.lang.NoSuchMethodException: reactor.netty.channel.ChannelOperationsHandler.channelRead(io.netty.channel.ChannelHandlerContext, java.lang.Object)
	at java.base@24.0.1/java.lang.Class.checkMethod(DynamicHub.java:1176)
	at java.base@24.0.1/java.lang.Class.getMethod(DynamicHub.java:1170)
	at io.netty.channel.ChannelHandlerMask$2.run(ChannelHandlerMask.java:174)
	at io.netty.channel.ChannelHandlerMask$2.run(ChannelHandlerMask.java:169)
	at java.base@24.0.1/java.security.AccessController.doPrivileged(AccessController.java:251)
	at io.netty.channel.ChannelHandlerMask.isSkippable(ChannelHandlerMask.java:169)
	at io.netty.channel.ChannelHandlerMask.mask0(ChannelHandlerMask.java:109)
	at io.netty.channel.ChannelHandlerMask.mask(ChannelHandlerMask.java:82)
	at io.netty.channel.AbstractChannelHandlerContext.<init>(AbstractChannelHandlerContext.java:109)
	at io.netty.channel.DefaultChannelHandlerContext.<init>(DefaultChannelHandlerContext.java:26)
	at io.netty.channel.DefaultChannelPipeline.newContext(DefaultChannelPipeline.java:119)
	at io.netty.channel.DefaultChannelPipeline.internalAdd(DefaultChannelPipeline.java:169)
	at io.netty.channel.DefaultChannelPipeline.addLast(DefaultChannelPipeline.java:227)
	at io.netty.channel.DefaultChannelPipeline.addLast(DefaultChannelPipeline.java:222)
	at reactor.netty.channel.ChannelOperations.addReactiveBridge(ChannelOperations.java:80)
	at reactor.netty.transport.TransportConfig$TransportChannelInitializer.initChannel(TransportConfig.java:414)
	at io.netty.channel.ChannelInitializer.initChannel(ChannelInitializer.java:129)
	at io.netty.channel.ChannelInitializer.handlerAdded(ChannelInitializer.java:112)
	at io.netty.channel.AbstractChannelHandlerContext.callHandlerAdded(AbstractChannelHandlerContext.java:1130)
	at io.netty.channel.DefaultChannelPipeline.callHandlerAdded0(DefaultChannelPipeline.java:558)
	at io.netty.channel.DefaultChannelPipeline.internalAdd(DefaultChannelPipeline.java:203)
	at io.netty.channel.DefaultChannelPipeline.addFirst(DefaultChannelPipeline.java:209)
	at io.netty.channel.DefaultChannelPipeline.addFirst(DefaultChannelPipeline.java:307)
	at io.netty.channel.DefaultChannelPipeline.addFirst(DefaultChannelPipeline.java:288)
	at reactor.netty.resources.DefaultPooledConnectionProvider$PooledConnectionAllocator$PooledConnectionInitializer.initChannel(DefaultPooledConnectionProvider.java:546)
	at io.netty.channel.ChannelInitializer.initChannel(ChannelInitializer.java:129)
	at io.netty.channel.ChannelInitializer.handlerAdded(ChannelInitializer.java:112)
	at io.netty.channel.AbstractChannelHandlerContext.callHandlerAdded(AbstractChannelHandlerContext.java:1130)
	at io.netty.channel.DefaultChannelPipeline.callHandlerAdded0(DefaultChannelPipeline.java:558)
	at io.netty.channel.DefaultChannelPipeline.access$100(DefaultChannelPipeline.java:45)
	at io.netty.channel.DefaultChannelPipeline$PendingHandlerAddedTask.execute(DefaultChannelPipeline.java:1410)
	at io.netty.channel.DefaultChannelPipeline.callHandlerAddedForAllHandlers(DefaultChannelPipeline.java:1064)
	at io.netty.channel.DefaultChannelPipeline.invokeHandlerAddedIfNeeded(DefaultChannelPipeline.java:599)
	at io.netty.channel.AbstractChannel$AbstractUnsafe.register0(AbstractChannel.java:513)
	at io.netty.channel.AbstractChannel$AbstractUnsafe.access$200(AbstractChannel.java:428)
	at io.netty.channel.AbstractChannel$AbstractUnsafe$1.run(AbstractChannel.java:485)
	at io.netty.util.concurrent.AbstractEventExecutor.runTask(AbstractEventExecutor.java:173)
	at io.netty.util.concurrent.AbstractEventExecutor.safeExecute(AbstractEventExecutor.java:166)
	at io.netty.util.concurrent.SingleThreadEventExecutor.runAllTasks(SingleThreadEventExecutor.java:472)
	at io.netty.channel.epoll.EpollEventLoop.run(EpollEventLoop.java:405)
	at io.netty.util.concurrent.SingleThreadEventExecutor$4.run(SingleThreadEventExecutor.java:998)
	at io.netty.util.internal.ThreadExecutorMap$2.run(ThreadExecutorMap.java:74)
	at io.netty.util.concurrent.FastThreadLocalRunnable.run(FastThreadLocalRunnable.java:30)
	at java.base@24.0.1/java.lang.Thread.runWith(Thread.java:1460)
	at java.base@24.0.1/java.lang.Thread.run(Thread.java:1447)
	at org.graalvm.nativeimage.builder/com.oracle.svm.core.thread.PlatformThreads.threadStartRoutine(PlatformThreads.java:832)
	at org.graalvm.nativeimage.builder/com.oracle.svm.core.thread.PlatformThreads.threadStartRoutine(PlatformThreads.java:808)
2025-07-07 13:13:17 [reactor-http-epoll-1] DEBUG io.netty.channel.ChannelHandlerMask - Class class reactor.netty.channel.ChannelOperationsHandler missing method channelWritabilityChanged, assume we can not skip execution
java.lang.NoSuchMethodException: reactor.netty.channel.ChannelOperationsHandler.channelWritabilityChanged(io.netty.channel.ChannelHandlerContext)
	at java.base@24.0.1/java.lang.Class.checkMethod(DynamicHub.java:1176)
	at java.base@24.0.1/java.lang.Class.getMethod(DynamicHub.java:1170)
	at io.netty.channel.ChannelHandlerMask$2.run(ChannelHandlerMask.java:174)
	at io.netty.channel.ChannelHandlerMask$2.run(ChannelHandlerMask.java:169)
	at java.base@24.0.1/java.security.AccessController.doPrivileged(AccessController.java:251)
	at io.netty.channel.ChannelHandlerMask.isSkippable(ChannelHandlerMask.java:169)
	at io.netty.channel.ChannelHandlerMask.mask0(ChannelHandlerMask.java:115)
	at io.netty.channel.ChannelHandlerMask.mask(ChannelHandlerMask.java:82)
	at io.netty.channel.AbstractChannelHandlerContext.<init>(AbstractChannelHandlerContext.java:109)
	at io.netty.channel.DefaultChannelHandlerContext.<init>(DefaultChannelHandlerContext.java:26)
	at io.netty.channel.DefaultChannelPipeline.newContext(DefaultChannelPipeline.java:119)
	at io.netty.channel.DefaultChannelPipeline.internalAdd(DefaultChannelPipeline.java:169)
	at io.netty.channel.DefaultChannelPipeline.addLast(DefaultChannelPipeline.java:227)
	at io.netty.channel.DefaultChannelPipeline.addLast(DefaultChannelPipeline.java:222)
	at reactor.netty.channel.ChannelOperations.addReactiveBridge(ChannelOperations.java:80)
	at reactor.netty.transport.TransportConfig$TransportChannelInitializer.initChannel(TransportConfig.java:414)
	at io.netty.channel.ChannelInitializer.initChannel(ChannelInitializer.java:129)
	at io.netty.channel.ChannelInitializer.handlerAdded(ChannelInitializer.java:112)
	at io.netty.channel.AbstractChannelHandlerContext.callHandlerAdded(AbstractChannelHandlerContext.java:1130)
	at io.netty.channel.DefaultChannelPipeline.callHandlerAdded0(DefaultChannelPipeline.java:558)
	at io.netty.channel.DefaultChannelPipeline.internalAdd(DefaultChannelPipeline.java:203)
	at io.netty.channel.DefaultChannelPipeline.addFirst(DefaultChannelPipeline.java:209)
	at io.netty.channel.DefaultChannelPipeline.addFirst(DefaultChannelPipeline.java:307)
	at io.netty.channel.DefaultChannelPipeline.addFirst(DefaultChannelPipeline.java:288)
	at reactor.netty.resources.DefaultPooledConnectionProvider$PooledConnectionAllocator$PooledConnectionInitializer.initChannel(DefaultPooledConnectionProvider.java:546)
	at io.netty.channel.ChannelInitializer.initChannel(ChannelInitializer.java:129)
	at io.netty.channel.ChannelInitializer.handlerAdded(ChannelInitializer.java:112)
	at io.netty.channel.AbstractChannelHandlerContext.callHandlerAdded(AbstractChannelHandlerContext.java:1130)
	at io.netty.channel.DefaultChannelPipeline.callHandlerAdded0(DefaultChannelPipeline.java:558)
	at io.netty.channel.DefaultChannelPipeline.access$100(DefaultChannelPipeline.java:45)
	at io.netty.channel.DefaultChannelPipeline$PendingHandlerAddedTask.execute(DefaultChannelPipeline.java:1410)
	at io.netty.channel.DefaultChannelPipeline.callHandlerAddedForAllHandlers(DefaultChannelPipeline.java:1064)
	at io.netty.channel.DefaultChannelPipeline.invokeHandlerAddedIfNeeded(DefaultChannelPipeline.java:599)
	at io.netty.channel.AbstractChannel$AbstractUnsafe.register0(AbstractChannel.java:513)
	at io.netty.channel.AbstractChannel$AbstractUnsafe.access$200(AbstractChannel.java:428)
	at io.netty.channel.AbstractChannel$AbstractUnsafe$1.run(AbstractChannel.java:485)
	at io.netty.util.concurrent.AbstractEventExecutor.runTask(AbstractEventExecutor.java:173)
	at io.netty.util.concurrent.AbstractEventExecutor.safeExecute(AbstractEventExecutor.java:166)
	at io.netty.util.concurrent.SingleThreadEventExecutor.runAllTasks(SingleThreadEventExecutor.java:472)
	at io.netty.channel.epoll.EpollEventLoop.run(EpollEventLoop.java:405)
	at io.netty.util.concurrent.SingleThreadEventExecutor$4.run(SingleThreadEventExecutor.java:998)
	at io.netty.util.internal.ThreadExecutorMap$2.run(ThreadExecutorMap.java:74)
	at io.netty.util.concurrent.FastThreadLocalRunnable.run(FastThreadLocalRunnable.java:30)
	at java.base@24.0.1/java.lang.Thread.runWith(Thread.java:1460)
	at java.base@24.0.1/java.lang.Thread.run(Thread.java:1447)
	at org.graalvm.nativeimage.builder/com.oracle.svm.core.thread.PlatformThreads.threadStartRoutine(PlatformThreads.java:832)
	at org.graalvm.nativeimage.builder/com.oracle.svm.core.thread.PlatformThreads.threadStartRoutine(PlatformThreads.java:808)
2025-07-07 13:13:17 [reactor-http-epoll-1] DEBUG io.netty.channel.ChannelHandlerMask - Class class reactor.netty.channel.ChannelOperationsHandler missing method userEventTriggered, assume we can not skip execution
java.lang.NoSuchMethodException: reactor.netty.channel.ChannelOperationsHandler.userEventTriggered(io.netty.channel.ChannelHandlerContext, java.lang.Object)
	at java.base@24.0.1/java.lang.Class.checkMethod(DynamicHub.java:1176)
	at java.base@24.0.1/java.lang.Class.getMethod(DynamicHub.java:1170)
	at io.netty.channel.ChannelHandlerMask$2.run(ChannelHandlerMask.java:174)
	at io.netty.channel.ChannelHandlerMask$2.run(ChannelHandlerMask.java:169)
	at java.base@24.0.1/java.security.AccessController.doPrivileged(AccessController.java:251)
	at io.netty.channel.ChannelHandlerMask.isSkippable(ChannelHandlerMask.java:169)
	at io.netty.channel.ChannelHandlerMask.mask0(ChannelHandlerMask.java:118)
	at io.netty.channel.ChannelHandlerMask.mask(ChannelHandlerMask.java:82)
	at io.netty.channel.AbstractChannelHandlerContext.<init>(AbstractChannelHandlerContext.java:109)
	at io.netty.channel.DefaultChannelHandlerContext.<init>(DefaultChannelHandlerContext.java:26)
	at io.netty.channel.DefaultChannelPipeline.newContext(DefaultChannelPipeline.java:119)
	at io.netty.channel.DefaultChannelPipeline.internalAdd(DefaultChannelPipeline.java:169)
	at io.netty.channel.DefaultChannelPipeline.addLast(DefaultChannelPipeline.java:227)
	at io.netty.channel.DefaultChannelPipeline.addLast(DefaultChannelPipeline.java:222)
	at reactor.netty.channel.ChannelOperations.addReactiveBridge(ChannelOperations.java:80)
	at reactor.netty.transport.TransportConfig$TransportChannelInitializer.initChannel(TransportConfig.java:414)
	at io.netty.channel.ChannelInitializer.initChannel(ChannelInitializer.java:129)
	at io.netty.channel.ChannelInitializer.handlerAdded(ChannelInitializer.java:112)
	at io.netty.channel.AbstractChannelHandlerContext.callHandlerAdded(AbstractChannelHandlerContext.java:1130)
	at io.netty.channel.DefaultChannelPipeline.callHandlerAdded0(DefaultChannelPipeline.java:558)
	at io.netty.channel.DefaultChannelPipeline.internalAdd(DefaultChannelPipeline.java:203)
	at io.netty.channel.DefaultChannelPipeline.addFirst(DefaultChannelPipeline.java:209)
	at io.netty.channel.DefaultChannelPipeline.addFirst(DefaultChannelPipeline.java:307)
	at io.netty.channel.DefaultChannelPipeline.addFirst(DefaultChannelPipeline.java:288)
	at reactor.netty.resources.DefaultPooledConnectionProvider$PooledConnectionAllocator$PooledConnectionInitializer.initChannel(DefaultPooledConnectionProvider.java:546)
	at io.netty.channel.ChannelInitializer.initChannel(ChannelInitializer.java:129)
	at io.netty.channel.ChannelInitializer.handlerAdded(ChannelInitializer.java:112)
	at io.netty.channel.AbstractChannelHandlerContext.callHandlerAdded(AbstractChannelHandlerContext.java:1130)
	at io.netty.channel.DefaultChannelPipeline.callHandlerAdded0(DefaultChannelPipeline.java:558)
	at io.netty.channel.DefaultChannelPipeline.access$100(DefaultChannelPipeline.java:45)
	at io.netty.channel.DefaultChannelPipeline$PendingHandlerAddedTask.execute(DefaultChannelPipeline.java:1410)
	at io.netty.channel.DefaultChannelPipeline.callHandlerAddedForAllHandlers(DefaultChannelPipeline.java:1064)
	at io.netty.channel.DefaultChannelPipeline.invokeHandlerAddedIfNeeded(DefaultChannelPipeline.java:599)
	at io.netty.channel.AbstractChannel$AbstractUnsafe.register0(AbstractChannel.java:513)
	at io.netty.channel.AbstractChannel$AbstractUnsafe.access$200(AbstractChannel.java:428)
	at io.netty.channel.AbstractChannel$AbstractUnsafe$1.run(AbstractChannel.java:485)
	at io.netty.util.concurrent.AbstractEventExecutor.runTask(AbstractEventExecutor.java:173)
	at io.netty.util.concurrent.AbstractEventExecutor.safeExecute(AbstractEventExecutor.java:166)
	at io.netty.util.concurrent.SingleThreadEventExecutor.runAllTasks(SingleThreadEventExecutor.java:472)
	at io.netty.channel.epoll.EpollEventLoop.run(EpollEventLoop.java:405)
	at io.netty.util.concurrent.SingleThreadEventExecutor$4.run(SingleThreadEventExecutor.java:998)
	at io.netty.util.internal.ThreadExecutorMap$2.run(ThreadExecutorMap.java:74)
	at io.netty.util.concurrent.FastThreadLocalRunnable.run(FastThreadLocalRunnable.java:30)
	at java.base@24.0.1/java.lang.Thread.runWith(Thread.java:1460)
	at java.base@24.0.1/java.lang.Thread.run(Thread.java:1447)
	at org.graalvm.nativeimage.builder/com.oracle.svm.core.thread.PlatformThreads.threadStartRoutine(PlatformThreads.java:832)
	at org.graalvm.nativeimage.builder/com.oracle.svm.core.thread.PlatformThreads.threadStartRoutine(PlatformThreads.java:808)
2025-07-07 13:13:17 [reactor-http-epoll-1] DEBUG io.netty.channel.ChannelHandlerMask - Class class reactor.netty.channel.ChannelOperationsHandler missing method exceptionCaught, assume we can not skip execution
java.lang.NoSuchMethodException: reactor.netty.channel.ChannelOperationsHandler.exceptionCaught(io.netty.channel.ChannelHandlerContext, java.lang.Throwable)
	at java.base@24.0.1/java.lang.Class.checkMethod(DynamicHub.java:1176)
	at java.base@24.0.1/java.lang.Class.getMethod(DynamicHub.java:1170)
	at io.netty.channel.ChannelHandlerMask$2.run(ChannelHandlerMask.java:174)
	at io.netty.channel.ChannelHandlerMask$2.run(ChannelHandlerMask.java:169)
	at java.base@24.0.1/java.security.AccessController.doPrivileged(AccessController.java:251)
	at io.netty.channel.ChannelHandlerMask.isSkippable(ChannelHandlerMask.java:169)
	at io.netty.channel.ChannelHandlerMask.mask0(ChannelHandlerMask.java:155)
	at io.netty.channel.ChannelHandlerMask.mask(ChannelHandlerMask.java:82)
	at io.netty.channel.AbstractChannelHandlerContext.<init>(AbstractChannelHandlerContext.java:109)
	at io.netty.channel.DefaultChannelHandlerContext.<init>(DefaultChannelHandlerContext.java:26)
	at io.netty.channel.DefaultChannelPipeline.newContext(DefaultChannelPipeline.java:119)
	at io.netty.channel.DefaultChannelPipeline.internalAdd(DefaultChannelPipeline.java:169)
	at io.netty.channel.DefaultChannelPipeline.addLast(DefaultChannelPipeline.java:227)
	at io.netty.channel.DefaultChannelPipeline.addLast(DefaultChannelPipeline.java:222)
	at reactor.netty.channel.ChannelOperations.addReactiveBridge(ChannelOperations.java:80)
	at reactor.netty.transport.TransportConfig$TransportChannelInitializer.initChannel(TransportConfig.java:414)
	at io.netty.channel.ChannelInitializer.initChannel(ChannelInitializer.java:129)
	at io.netty.channel.ChannelInitializer.handlerAdded(ChannelInitializer.java:112)
	at io.netty.channel.AbstractChannelHandlerContext.callHandlerAdded(AbstractChannelHandlerContext.java:1130)
	at io.netty.channel.DefaultChannelPipeline.callHandlerAdded0(DefaultChannelPipeline.java:558)
	at io.netty.channel.DefaultChannelPipeline.internalAdd(DefaultChannelPipeline.java:203)
	at io.netty.channel.DefaultChannelPipeline.addFirst(DefaultChannelPipeline.java:209)
	at io.netty.channel.DefaultChannelPipeline.addFirst(DefaultChannelPipeline.java:307)
	at io.netty.channel.DefaultChannelPipeline.addFirst(DefaultChannelPipeline.java:288)
	at reactor.netty.resources.DefaultPooledConnectionProvider$PooledConnectionAllocator$PooledConnectionInitializer.initChannel(DefaultPooledConnectionProvider.java:546)
	at io.netty.channel.ChannelInitializer.initChannel(ChannelInitializer.java:129)
	at io.netty.channel.ChannelInitializer.handlerAdded(ChannelInitializer.java:112)
	at io.netty.channel.AbstractChannelHandlerContext.callHandlerAdded(AbstractChannelHandlerContext.java:1130)
	at io.netty.channel.DefaultChannelPipeline.callHandlerAdded0(DefaultChannelPipeline.java:558)
	at io.netty.channel.DefaultChannelPipeline.access$100(DefaultChannelPipeline.java:45)
	at io.netty.channel.DefaultChannelPipeline$PendingHandlerAddedTask.execute(DefaultChannelPipeline.java:1410)
	at io.netty.channel.DefaultChannelPipeline.callHandlerAddedForAllHandlers(DefaultChannelPipeline.java:1064)
	at io.netty.channel.DefaultChannelPipeline.invokeHandlerAddedIfNeeded(DefaultChannelPipeline.java:599)
	at io.netty.channel.AbstractChannel$AbstractUnsafe.register0(AbstractChannel.java:513)
	at io.netty.channel.AbstractChannel$AbstractUnsafe.access$200(AbstractChannel.java:428)
	at io.netty.channel.AbstractChannel$AbstractUnsafe$1.run(AbstractChannel.java:485)
	at io.netty.util.concurrent.AbstractEventExecutor.runTask(AbstractEventExecutor.java:173)
	at io.netty.util.concurrent.AbstractEventExecutor.safeExecute(AbstractEventExecutor.java:166)
	at io.netty.util.concurrent.SingleThreadEventExecutor.runAllTasks(SingleThreadEventExecutor.java:472)
	at io.netty.channel.epoll.EpollEventLoop.run(EpollEventLoop.java:405)
	at io.netty.util.concurrent.SingleThreadEventExecutor$4.run(SingleThreadEventExecutor.java:998)
	at io.netty.util.internal.ThreadExecutorMap$2.run(ThreadExecutorMap.java:74)
	at io.netty.util.concurrent.FastThreadLocalRunnable.run(FastThreadLocalRunnable.java:30)
	at java.base@24.0.1/java.lang.Thread.runWith(Thread.java:1460)
	at java.base@24.0.1/java.lang.Thread.run(Thread.java:1447)
	at org.graalvm.nativeimage.builder/com.oracle.svm.core.thread.PlatformThreads.threadStartRoutine(PlatformThreads.java:832)
	at org.graalvm.nativeimage.builder/com.oracle.svm.core.thread.PlatformThreads.threadStartRoutine(PlatformThreads.java:808)
2025-07-07 13:13:17 [reactor-http-epoll-1] DEBUG reactor.netty.tcp.SslProvider - [c319a25a] SSL enabled using engine SSLEngine[hostname=ensostorage.blob.core.windows.net, port=443, Session(1751886797230|SSL_NULL_WITH_NULL_NULL)] and SNI ensostorage.blob.core.windows.net/<unresolved>:443
2025-07-07 13:13:17 [reactor-http-epoll-1] DEBUG io.netty.channel.ChannelHandlerMask - Class class reactor.netty.tcp.SslProvider$SslReadHandler missing method channelActive, assume we can not skip execution
java.lang.NoSuchMethodException: reactor.netty.tcp.SslProvider$SslReadHandler.channelActive(io.netty.channel.ChannelHandlerContext)
	at java.base@24.0.1/java.lang.Class.checkMethod(DynamicHub.java:1176)
	at java.base@24.0.1/java.lang.Class.getMethod(DynamicHub.java:1170)
	at io.netty.channel.ChannelHandlerMask$2.run(ChannelHandlerMask.java:174)
	at io.netty.channel.ChannelHandlerMask$2.run(ChannelHandlerMask.java:169)
	at java.base@24.0.1/java.security.AccessController.doPrivileged(AccessController.java:251)
	at io.netty.channel.ChannelHandlerMask.isSkippable(ChannelHandlerMask.java:169)
	at io.netty.channel.ChannelHandlerMask.mask0(ChannelHandlerMask.java:103)
	at io.netty.channel.ChannelHandlerMask.mask(ChannelHandlerMask.java:82)
	at io.netty.channel.AbstractChannelHandlerContext.<init>(AbstractChannelHandlerContext.java:109)
	at io.netty.channel.DefaultChannelHandlerContext.<init>(DefaultChannelHandlerContext.java:26)
	at io.netty.channel.DefaultChannelPipeline.newContext(DefaultChannelPipeline.java:119)
	at io.netty.channel.DefaultChannelPipeline.internalAdd(DefaultChannelPipeline.java:169)
	at io.netty.channel.DefaultChannelPipeline.addAfter(DefaultChannelPipeline.java:272)
	at io.netty.channel.DefaultChannelPipeline.addAfter(DefaultChannelPipeline.java:266)
	at reactor.netty.tcp.SslProvider.addSslReadHandler(SslProvider.java:632)
	at reactor.netty.tcp.SslProvider.addSslHandler(SslProvider.java:594)
	at reactor.netty.http.client.HttpClientConfig$HttpClientChannelInitializer.onChannelInit(HttpClientConfig.java:948)
	at reactor.netty.transport.TransportConfig$TransportChannelInitializer.initChannel(TransportConfig.java:418)
	at io.netty.channel.ChannelInitializer.initChannel(ChannelInitializer.java:129)
	at io.netty.channel.ChannelInitializer.handlerAdded(ChannelInitializer.java:112)
	at io.netty.channel.AbstractChannelHandlerContext.callHandlerAdded(AbstractChannelHandlerContext.java:1130)
	at io.netty.channel.DefaultChannelPipeline.callHandlerAdded0(DefaultChannelPipeline.java:558)
	at io.netty.channel.DefaultChannelPipeline.internalAdd(DefaultChannelPipeline.java:203)
	at io.netty.channel.DefaultChannelPipeline.addFirst(DefaultChannelPipeline.java:209)
	at io.netty.channel.DefaultChannelPipeline.addFirst(DefaultChannelPipeline.java:307)
	at io.netty.channel.DefaultChannelPipeline.addFirst(DefaultChannelPipeline.java:288)
	at reactor.netty.resources.DefaultPooledConnectionProvider$PooledConnectionAllocator$PooledConnectionInitializer.initChannel(DefaultPooledConnectionProvider.java:546)
	at io.netty.channel.ChannelInitializer.initChannel(ChannelInitializer.java:129)
	at io.netty.channel.ChannelInitializer.handlerAdded(ChannelInitializer.java:112)
	at io.netty.channel.AbstractChannelHandlerContext.callHandlerAdded(AbstractChannelHandlerContext.java:1130)
	at io.netty.channel.DefaultChannelPipeline.callHandlerAdded0(DefaultChannelPipeline.java:558)
	at io.netty.channel.DefaultChannelPipeline.access$100(DefaultChannelPipeline.java:45)
	at io.netty.channel.DefaultChannelPipeline$PendingHandlerAddedTask.execute(DefaultChannelPipeline.java:1410)
	at io.netty.channel.DefaultChannelPipeline.callHandlerAddedForAllHandlers(DefaultChannelPipeline.java:1064)
	at io.netty.channel.DefaultChannelPipeline.invokeHandlerAddedIfNeeded(DefaultChannelPipeline.java:599)
	at io.netty.channel.AbstractChannel$AbstractUnsafe.register0(AbstractChannel.java:513)
	at io.netty.channel.AbstractChannel$AbstractUnsafe.access$200(AbstractChannel.java:428)
	at io.netty.channel.AbstractChannel$AbstractUnsafe$1.run(AbstractChannel.java:485)
	at io.netty.util.concurrent.AbstractEventExecutor.runTask(AbstractEventExecutor.java:173)
	at io.netty.util.concurrent.AbstractEventExecutor.safeExecute(AbstractEventExecutor.java:166)
	at io.netty.util.concurrent.SingleThreadEventExecutor.runAllTasks(SingleThreadEventExecutor.java:472)
	at io.netty.channel.epoll.EpollEventLoop.run(EpollEventLoop.java:405)
	at io.netty.util.concurrent.SingleThreadEventExecutor$4.run(SingleThreadEventExecutor.java:998)
	at io.netty.util.internal.ThreadExecutorMap$2.run(ThreadExecutorMap.java:74)
	at io.netty.util.concurrent.FastThreadLocalRunnable.run(FastThreadLocalRunnable.java:30)
	at java.base@24.0.1/java.lang.Thread.runWith(Thread.java:1460)
	at java.base@24.0.1/java.lang.Thread.run(Thread.java:1447)
	at org.graalvm.nativeimage.builder/com.oracle.svm.core.thread.PlatformThreads.threadStartRoutine(PlatformThreads.java:832)
	at org.graalvm.nativeimage.builder/com.oracle.svm.core.thread.PlatformThreads.threadStartRoutine(PlatformThreads.java:808)
2025-07-07 13:13:17 [reactor-http-epoll-1] DEBUG io.netty.channel.ChannelHandlerMask - Class class reactor.netty.tcp.SslProvider$SslReadHandler missing method channelReadComplete, assume we can not skip execution
java.lang.NoSuchMethodException: reactor.netty.tcp.SslProvider$SslReadHandler.channelReadComplete(io.netty.channel.ChannelHandlerContext)
	at java.base@24.0.1/java.lang.Class.checkMethod(DynamicHub.java:1176)
	at java.base@24.0.1/java.lang.Class.getMethod(DynamicHub.java:1170)
	at io.netty.channel.ChannelHandlerMask$2.run(ChannelHandlerMask.java:174)
	at io.netty.channel.ChannelHandlerMask$2.run(ChannelHandlerMask.java:169)
	at java.base@24.0.1/java.security.AccessController.doPrivileged(AccessController.java:251)
	at io.netty.channel.ChannelHandlerMask.isSkippable(ChannelHandlerMask.java:169)
	at io.netty.channel.ChannelHandlerMask.mask0(ChannelHandlerMask.java:112)
	at io.netty.channel.ChannelHandlerMask.mask(ChannelHandlerMask.java:82)
	at io.netty.channel.AbstractChannelHandlerContext.<init>(AbstractChannelHandlerContext.java:109)
	at io.netty.channel.DefaultChannelHandlerContext.<init>(DefaultChannelHandlerContext.java:26)
	at io.netty.channel.DefaultChannelPipeline.newContext(DefaultChannelPipeline.java:119)
	at io.netty.channel.DefaultChannelPipeline.internalAdd(DefaultChannelPipeline.java:169)
	at io.netty.channel.DefaultChannelPipeline.addAfter(DefaultChannelPipeline.java:272)
	at io.netty.channel.DefaultChannelPipeline.addAfter(DefaultChannelPipeline.java:266)
	at reactor.netty.tcp.SslProvider.addSslReadHandler(SslProvider.java:632)
	at reactor.netty.tcp.SslProvider.addSslHandler(SslProvider.java:594)
	at reactor.netty.http.client.HttpClientConfig$HttpClientChannelInitializer.onChannelInit(HttpClientConfig.java:948)
	at reactor.netty.transport.TransportConfig$TransportChannelInitializer.initChannel(TransportConfig.java:418)
	at io.netty.channel.ChannelInitializer.initChannel(ChannelInitializer.java:129)
	at io.netty.channel.ChannelInitializer.handlerAdded(ChannelInitializer.java:112)
	at io.netty.channel.AbstractChannelHandlerContext.callHandlerAdded(AbstractChannelHandlerContext.java:1130)
	at io.netty.channel.DefaultChannelPipeline.callHandlerAdded0(DefaultChannelPipeline.java:558)
	at io.netty.channel.DefaultChannelPipeline.internalAdd(DefaultChannelPipeline.java:203)
	at io.netty.channel.DefaultChannelPipeline.addFirst(DefaultChannelPipeline.java:209)
	at io.netty.channel.DefaultChannelPipeline.addFirst(DefaultChannelPipeline.java:307)
	at io.netty.channel.DefaultChannelPipeline.addFirst(DefaultChannelPipeline.java:288)
	at reactor.netty.resources.DefaultPooledConnectionProvider$PooledConnectionAllocator$PooledConnectionInitializer.initChannel(DefaultPooledConnectionProvider.java:546)
	at io.netty.channel.ChannelInitializer.initChannel(ChannelInitializer.java:129)
	at io.netty.channel.ChannelInitializer.handlerAdded(ChannelInitializer.java:112)
	at io.netty.channel.AbstractChannelHandlerContext.callHandlerAdded(AbstractChannelHandlerContext.java:1130)
	at io.netty.channel.DefaultChannelPipeline.callHandlerAdded0(DefaultChannelPipeline.java:558)
	at io.netty.channel.DefaultChannelPipeline.access$100(DefaultChannelPipeline.java:45)
	at io.netty.channel.DefaultChannelPipeline$PendingHandlerAddedTask.execute(DefaultChannelPipeline.java:1410)
	at io.netty.channel.DefaultChannelPipeline.callHandlerAddedForAllHandlers(DefaultChannelPipeline.java:1064)
	at io.netty.channel.DefaultChannelPipeline.invokeHandlerAddedIfNeeded(DefaultChannelPipeline.java:599)
	at io.netty.channel.AbstractChannel$AbstractUnsafe.register0(AbstractChannel.java:513)
	at io.netty.channel.AbstractChannel$AbstractUnsafe.access$200(AbstractChannel.java:428)
	at io.netty.channel.AbstractChannel$AbstractUnsafe$1.run(AbstractChannel.java:485)
	at io.netty.util.concurrent.AbstractEventExecutor.runTask(AbstractEventExecutor.java:173)
	at io.netty.util.concurrent.AbstractEventExecutor.safeExecute(AbstractEventExecutor.java:166)
	at io.netty.util.concurrent.SingleThreadEventExecutor.runAllTasks(SingleThreadEventExecutor.java:472)
	at io.netty.channel.epoll.EpollEventLoop.run(EpollEventLoop.java:405)
	at io.netty.util.concurrent.SingleThreadEventExecutor$4.run(SingleThreadEventExecutor.java:998)
	at io.netty.util.internal.ThreadExecutorMap$2.run(ThreadExecutorMap.java:74)
	at io.netty.util.concurrent.FastThreadLocalRunnable.run(FastThreadLocalRunnable.java:30)
	at java.base@24.0.1/java.lang.Thread.runWith(Thread.java:1460)
	at java.base@24.0.1/java.lang.Thread.run(Thread.java:1447)
	at org.graalvm.nativeimage.builder/com.oracle.svm.core.thread.PlatformThreads.threadStartRoutine(PlatformThreads.java:832)
	at org.graalvm.nativeimage.builder/com.oracle.svm.core.thread.PlatformThreads.threadStartRoutine(PlatformThreads.java:808)
2025-07-07 13:13:17 [reactor-http-epoll-1] DEBUG io.netty.channel.ChannelHandlerMask - Class class reactor.netty.tcp.SslProvider$SslReadHandler missing method userEventTriggered, assume we can not skip execution
java.lang.NoSuchMethodException: reactor.netty.tcp.SslProvider$SslReadHandler.userEventTriggered(io.netty.channel.ChannelHandlerContext, java.lang.Object)
	at java.base@24.0.1/java.lang.Class.checkMethod(DynamicHub.java:1176)
	at java.base@24.0.1/java.lang.Class.getMethod(DynamicHub.java:1170)
	at io.netty.channel.ChannelHandlerMask$2.run(ChannelHandlerMask.java:174)
	at io.netty.channel.ChannelHandlerMask$2.run(ChannelHandlerMask.java:169)
	at java.base@24.0.1/java.security.AccessController.doPrivileged(AccessController.java:251)
	at io.netty.channel.ChannelHandlerMask.isSkippable(ChannelHandlerMask.java:169)
	at io.netty.channel.ChannelHandlerMask.mask0(ChannelHandlerMask.java:118)
	at io.netty.channel.ChannelHandlerMask.mask(ChannelHandlerMask.java:82)
	at io.netty.channel.AbstractChannelHandlerContext.<init>(AbstractChannelHandlerContext.java:109)
	at io.netty.channel.DefaultChannelHandlerContext.<init>(DefaultChannelHandlerContext.java:26)
	at io.netty.channel.DefaultChannelPipeline.newContext(DefaultChannelPipeline.java:119)
	at io.netty.channel.DefaultChannelPipeline.internalAdd(DefaultChannelPipeline.java:169)
	at io.netty.channel.DefaultChannelPipeline.addAfter(DefaultChannelPipeline.java:272)
	at io.netty.channel.DefaultChannelPipeline.addAfter(DefaultChannelPipeline.java:266)
	at reactor.netty.tcp.SslProvider.addSslReadHandler(SslProvider.java:632)
	at reactor.netty.tcp.SslProvider.addSslHandler(SslProvider.java:594)
	at reactor.netty.http.client.HttpClientConfig$HttpClientChannelInitializer.onChannelInit(HttpClientConfig.java:948)
	at reactor.netty.transport.TransportConfig$TransportChannelInitializer.initChannel(TransportConfig.java:418)
	at io.netty.channel.ChannelInitializer.initChannel(ChannelInitializer.java:129)
	at io.netty.channel.ChannelInitializer.handlerAdded(ChannelInitializer.java:112)
	at io.netty.channel.AbstractChannelHandlerContext.callHandlerAdded(AbstractChannelHandlerContext.java:1130)
	at io.netty.channel.DefaultChannelPipeline.callHandlerAdded0(DefaultChannelPipeline.java:558)
	at io.netty.channel.DefaultChannelPipeline.internalAdd(DefaultChannelPipeline.java:203)
	at io.netty.channel.DefaultChannelPipeline.addFirst(DefaultChannelPipeline.java:209)
	at io.netty.channel.DefaultChannelPipeline.addFirst(DefaultChannelPipeline.java:307)
	at io.netty.channel.DefaultChannelPipeline.addFirst(DefaultChannelPipeline.java:288)
	at reactor.netty.resources.DefaultPooledConnectionProvider$PooledConnectionAllocator$PooledConnectionInitializer.initChannel(DefaultPooledConnectionProvider.java:546)
	at io.netty.channel.ChannelInitializer.initChannel(ChannelInitializer.java:129)
	at io.netty.channel.ChannelInitializer.handlerAdded(ChannelInitializer.java:112)
	at io.netty.channel.AbstractChannelHandlerContext.callHandlerAdded(AbstractChannelHandlerContext.java:1130)
	at io.netty.channel.DefaultChannelPipeline.callHandlerAdded0(DefaultChannelPipeline.java:558)
	at io.netty.channel.DefaultChannelPipeline.access$100(DefaultChannelPipeline.java:45)
	at io.netty.channel.DefaultChannelPipeline$PendingHandlerAddedTask.execute(DefaultChannelPipeline.java:1410)
	at io.netty.channel.DefaultChannelPipeline.callHandlerAddedForAllHandlers(DefaultChannelPipeline.java:1064)
	at io.netty.channel.DefaultChannelPipeline.invokeHandlerAddedIfNeeded(DefaultChannelPipeline.java:599)
	at io.netty.channel.AbstractChannel$AbstractUnsafe.register0(AbstractChannel.java:513)
	at io.netty.channel.AbstractChannel$AbstractUnsafe.access$200(AbstractChannel.java:428)
	at io.netty.channel.AbstractChannel$AbstractUnsafe$1.run(AbstractChannel.java:485)
	at io.netty.util.concurrent.AbstractEventExecutor.runTask(AbstractEventExecutor.java:173)
	at io.netty.util.concurrent.AbstractEventExecutor.safeExecute(AbstractEventExecutor.java:166)
	at io.netty.util.concurrent.SingleThreadEventExecutor.runAllTasks(SingleThreadEventExecutor.java:472)
	at io.netty.channel.epoll.EpollEventLoop.run(EpollEventLoop.java:405)
	at io.netty.util.concurrent.SingleThreadEventExecutor$4.run(SingleThreadEventExecutor.java:998)
	at io.netty.util.internal.ThreadExecutorMap$2.run(ThreadExecutorMap.java:74)
	at io.netty.util.concurrent.FastThreadLocalRunnable.run(FastThreadLocalRunnable.java:30)
	at java.base@24.0.1/java.lang.Thread.runWith(Thread.java:1460)
	at java.base@24.0.1/java.lang.Thread.run(Thread.java:1447)
	at org.graalvm.nativeimage.builder/com.oracle.svm.core.thread.PlatformThreads.threadStartRoutine(PlatformThreads.java:832)
	at org.graalvm.nativeimage.builder/com.oracle.svm.core.thread.PlatformThreads.threadStartRoutine(PlatformThreads.java:808)
2025-07-07 13:13:17 [reactor-http-epoll-1] DEBUG io.netty.buffer.AbstractByteBuf - -Dio.netty.buffer.checkAccessible: true
2025-07-07 13:13:17 [reactor-http-epoll-1] DEBUG io.netty.buffer.AbstractByteBuf - -Dio.netty.buffer.checkBounds: true
2025-07-07 13:13:17 [reactor-http-epoll-1] DEBUG i.n.util.ResourceLeakDetectorFactory - Loaded default ResourceLeakDetector: io.netty.util.ResourceLeakDetector@485195a7
2025-07-07 13:13:17 [reactor-http-epoll-1] DEBUG r.netty.transport.TransportConfig - [c319a25a] Initialized pipeline DefaultChannelPipeline{(reactor.left.sslHandler = io.netty.handler.ssl.SslHandler), (reactor.left.sslReader = reactor.netty.tcp.SslProvider$SslReadHandler), (reactor.left.httpCodec = io.netty.handler.codec.http.HttpClientCodec), (reactor.right.reactiveBridge = reactor.netty.channel.ChannelOperationsHandler)}
2025-07-07 13:13:17 [reactor-http-epoll-1] DEBUG r.netty.transport.TransportConnector - [c319a25a] Connecting to [ensostorage.blob.core.windows.net/20.60.17.196:443].
2025-07-07 13:13:17 [reactor-http-epoll-1] DEBUG r.n.r.DefaultPooledConnectionProvider - [c319a25a, L:/192.168.68.61:39812 - R:ensostorage.blob.core.windows.net/20.60.17.196:443] Registering pool release on close event for channel
2025-07-07 13:13:17 [reactor-http-epoll-1] DEBUG r.n.r.PooledConnectionProvider - [c319a25a, L:/192.168.68.61:39812 - R:ensostorage.blob.core.windows.net/20.60.17.196:443] Channel connected, now: 1 active connections, 0 inactive connections and 0 pending acquire requests.
2025-07-07 13:13:17 [reactor-http-epoll-1] DEBUG io.netty.util.Recycler - -Dio.netty.recycler.maxCapacityPerThread: 4096
2025-07-07 13:13:17 [reactor-http-epoll-1] DEBUG io.netty.util.Recycler - -Dio.netty.recycler.ratio: 8
2025-07-07 13:13:17 [reactor-http-epoll-1] DEBUG io.netty.util.Recycler - -Dio.netty.recycler.chunkSize: 32
2025-07-07 13:13:17 [reactor-http-epoll-1] DEBUG io.netty.util.Recycler - -Dio.netty.recycler.blocking: false
2025-07-07 13:13:17 [reactor-http-epoll-1] DEBUG io.netty.util.Recycler - -Dio.netty.recycler.batchFastThreadLocalOnly: true
2025-07-07 13:13:17 [reactor-http-epoll-1] DEBUG io.netty.handler.ssl.SslHandler - [id: 0xc319a25a, L:/192.168.68.61:39812 - R:ensostorage.blob.core.windows.net/20.60.17.196:443] HANDSHAKEN: protocol:TLSv1.3 cipher suite:TLS_AES_256_GCM_SHA384
2025-07-07 13:13:17 [reactor-http-epoll-1] DEBUG r.n.r.DefaultPooledConnectionProvider - [c319a25a, L:/192.168.68.61:39812 - R:ensostorage.blob.core.windows.net/20.60.17.196:443] onStateChange(PooledConnection{channel=[id: 0xc319a25a, L:/192.168.68.61:39812 - R:ensostorage.blob.core.windows.net/20.60.17.196:443]}, [connected])
2025-07-07 13:13:17 [reactor-http-epoll-1] DEBUG r.n.r.DefaultPooledConnectionProvider - [c319a25a-1, L:/192.168.68.61:39812 - R:ensostorage.blob.core.windows.net/20.60.17.196:443] onStateChange(GET{uri=null, connection=PooledConnection{channel=[id: 0xc319a25a, L:/192.168.68.61:39812 - R:ensostorage.blob.core.windows.net/20.60.17.196:443]}}, [configured])
2025-07-07 13:13:17 [reactor-http-epoll-1] DEBUG r.n.http.client.HttpClientConnect - [c319a25a-1, L:/192.168.68.61:39812 - R:ensostorage.blob.core.windows.net/20.60.17.196:443] Handler is being applied: {uri=https://ensostorage.blob.core.windows.net/test-container?restype=container&sv=2024-11-04&ss=bfqt&srt=sco&sp=rwdlacupiytfx&se=2025-08-30T19:03:22Z&st=2025-06-24T11:03:22Z&spr=https&sig=z1Gm3CUR896qh1eBfebjkMhsTD4Mw8cB9c3W40kl5z9rzC, method=GET}
2025-07-07 13:13:17 [reactor-http-epoll-1] DEBUG r.n.r.DefaultPooledConnectionProvider - [c319a25a-1, L:/192.168.68.61:39812 - R:ensostorage.blob.core.windows.net/20.60.17.196:443] onStateChange(GET{uri=/test-container, connection=PooledConnection{channel=[id: 0xc319a25a, L:/192.168.68.61:39812 - R:ensostorage.blob.core.windows.net/20.60.17.196:443]}}, [request_prepared])
2025-07-07 13:13:17 [reactor-http-epoll-1] DEBUG io.netty.channel.ChannelHandlerMask - Class class com.azure.core.http.netty.implementation.AzureSdkHandler missing method channelRead, assume we can not skip execution
java.lang.NoSuchMethodException: com.azure.core.http.netty.implementation.AzureSdkHandler.channelRead(io.netty.channel.ChannelHandlerContext, java.lang.Object)
	at java.base@24.0.1/java.lang.Class.checkMethod(DynamicHub.java:1176)
	at java.base@24.0.1/java.lang.Class.getMethod(DynamicHub.java:1170)
	at io.netty.channel.ChannelHandlerMask$2.run(ChannelHandlerMask.java:174)
	at io.netty.channel.ChannelHandlerMask$2.run(ChannelHandlerMask.java:169)
	at java.base@24.0.1/java.security.AccessController.doPrivileged(AccessController.java:251)
	at io.netty.channel.ChannelHandlerMask.isSkippable(ChannelHandlerMask.java:169)
	at io.netty.channel.ChannelHandlerMask.mask0(ChannelHandlerMask.java:109)
	at io.netty.channel.ChannelHandlerMask.mask(ChannelHandlerMask.java:82)
	at io.netty.channel.AbstractChannelHandlerContext.<init>(AbstractChannelHandlerContext.java:109)
	at io.netty.channel.DefaultChannelHandlerContext.<init>(DefaultChannelHandlerContext.java:26)
	at io.netty.channel.DefaultChannelPipeline.newContext(DefaultChannelPipeline.java:119)
	at io.netty.channel.DefaultChannelPipeline.internalAdd(DefaultChannelPipeline.java:169)
	at io.netty.channel.DefaultChannelPipeline.addBefore(DefaultChannelPipeline.java:246)
	at io.netty.channel.DefaultChannelPipeline.addBefore(DefaultChannelPipeline.java:240)
	at reactor.netty.ReactorNetty.addHandlerBeforeReactorEndHandlers(ReactorNetty.java:372)
	at reactor.netty.Connection.addHandlerLast(Connection.java:165)
	at reactor.netty.http.client.HttpClientOperations.addHandlerLast(HttpClientOperations.java:195)
	at reactor.netty.http.client.HttpClientOperations.addHandlerLast(HttpClientOperations.java:103)
	at com.azure.core.http.netty.NettyAsyncHttpClientBuilder.addHandler(NettyAsyncHttpClientBuilder.java:569)
	at com.azure.core.http.netty.NettyAsyncHttpClientBuilder.lambda$build$1(NettyAsyncHttpClientBuilder.java:204)
	at reactor.netty.http.client.HttpClientConfig$HttpClientDoOn.onStateChange(HttpClientConfig.java:1005)
	at reactor.netty.ReactorNetty$CompositeConnectionObserver.onStateChange(ReactorNetty.java:707)
	at reactor.netty.resources.DefaultPooledConnectionProvider$DisposableAcquire.onStateChange(DefaultPooledConnectionProvider.java:193)
	at reactor.netty.resources.DefaultPooledConnectionProvider$PooledConnection.onStateChange(DefaultPooledConnectionProvider.java:454)
	at reactor.netty.http.client.HttpClientConnect$HttpClientHandler.requestWithBody(HttpClientConnect.java:567)
	at reactor.netty.http.client.HttpClientConnect$HttpIOHandlerObserver.lambda$onStateChange$0(HttpClientConnect.java:444)
	at reactor.core.publisher.MonoDefer.subscribe(MonoDefer.java:45)
	at reactor.netty.http.client.HttpClientConnect$HttpIOHandlerObserver.onStateChange(HttpClientConnect.java:445)
	at reactor.netty.ReactorNetty$CompositeConnectionObserver.onStateChange(ReactorNetty.java:707)
	at reactor.netty.resources.DefaultPooledConnectionProvider$DisposableAcquire.onStateChange(DefaultPooledConnectionProvider.java:193)
	at reactor.netty.resources.DefaultPooledConnectionProvider$PooledConnection.onStateChange(DefaultPooledConnectionProvider.java:454)
	at reactor.netty.channel.ChannelOperationsHandler.channelActive(ChannelOperationsHandler.java:62)
	at io.netty.channel.AbstractChannelHandlerContext.invokeChannelActive(AbstractChannelHandlerContext.java:260)
	at io.netty.channel.AbstractChannelHandlerContext.invokeChannelActive(AbstractChannelHandlerContext.java:238)
	at io.netty.channel.AbstractChannelHandlerContext.fireChannelActive(AbstractChannelHandlerContext.java:231)
	at io.netty.channel.CombinedChannelDuplexHandler$DelegatingChannelHandlerContext.fireChannelActive(CombinedChannelDuplexHandler.java:412)
	at io.netty.channel.ChannelInboundHandlerAdapter.channelActive(ChannelInboundHandlerAdapter.java:69)
	at io.netty.channel.CombinedChannelDuplexHandler.channelActive(CombinedChannelDuplexHandler.java:211)
	at io.netty.channel.AbstractChannelHandlerContext.invokeChannelActive(AbstractChannelHandlerContext.java:260)
	at io.netty.channel.AbstractChannelHandlerContext.invokeChannelActive(AbstractChannelHandlerContext.java:238)
	at io.netty.channel.AbstractChannelHandlerContext.fireChannelActive(AbstractChannelHandlerContext.java:231)
	at reactor.netty.tcp.SslProvider$SslReadHandler.userEventTriggered(SslProvider.java:861)
	at io.netty.channel.AbstractChannelHandlerContext.invokeUserEventTriggered(AbstractChannelHandlerContext.java:398)
	at io.netty.channel.AbstractChannelHandlerContext.invokeUserEventTriggered(AbstractChannelHandlerContext.java:376)
	at io.netty.channel.AbstractChannelHandlerContext.fireUserEventTriggered(AbstractChannelHandlerContext.java:368)
	at io.netty.handler.ssl.SslHandler.setHandshakeSuccess(SslHandler.java:1991)
	at io.netty.handler.ssl.SslHandler.wrapNonAppData(SslHandler.java:1017)
	at io.netty.handler.ssl.SslHandler.unwrap(SslHandler.java:1551)
	at io.netty.handler.ssl.SslHandler.decodeJdkCompatible(SslHandler.java:1378)
	at io.netty.handler.ssl.SslHandler.decode(SslHandler.java:1427)
	at io.netty.handler.codec.ByteToMessageDecoder.decodeRemovalReentryProtection(ByteToMessageDecoder.java:530)
	at io.netty.handler.codec.ByteToMessageDecoder.callDecode(ByteToMessageDecoder.java:469)
	at io.netty.handler.codec.ByteToMessageDecoder.channelRead(ByteToMessageDecoder.java:290)
	at io.netty.channel.AbstractChannelHandlerContext.invokeChannelRead(AbstractChannelHandlerContext.java:444)
	at io.netty.channel.AbstractChannelHandlerContext.invokeChannelRead(AbstractChannelHandlerContext.java:420)
	at io.netty.channel.AbstractChannelHandlerContext.fireChannelRead(AbstractChannelHandlerContext.java:412)
	at io.netty.channel.DefaultChannelPipeline$HeadContext.channelRead(DefaultChannelPipeline.java:1357)
	at io.netty.channel.AbstractChannelHandlerContext.invokeChannelRead(AbstractChannelHandlerContext.java:440)
	at io.netty.channel.AbstractChannelHandlerContext.invokeChannelRead(AbstractChannelHandlerContext.java:420)
	at io.netty.channel.DefaultChannelPipeline.fireChannelRead(DefaultChannelPipeline.java:868)
	at io.netty.channel.epoll.AbstractEpollStreamChannel$EpollStreamUnsafe.epollInReady(AbstractEpollStreamChannel.java:799)
	at io.netty.channel.epoll.AbstractEpollChannel$AbstractEpollUnsafe$1.run(AbstractEpollChannel.java:425)
	at io.netty.util.concurrent.AbstractEventExecutor.runTask(AbstractEventExecutor.java:173)
	at io.netty.util.concurrent.AbstractEventExecutor.safeExecute(AbstractEventExecutor.java:166)
	at io.netty.util.concurrent.SingleThreadEventExecutor.runAllTasks(SingleThreadEventExecutor.java:472)
	at io.netty.channel.epoll.EpollEventLoop.run(EpollEventLoop.java:405)
	at io.netty.util.concurrent.SingleThreadEventExecutor$4.run(SingleThreadEventExecutor.java:998)
	at io.netty.util.internal.ThreadExecutorMap$2.run(ThreadExecutorMap.java:74)
	at io.netty.util.concurrent.FastThreadLocalRunnable.run(FastThreadLocalRunnable.java:30)
	at java.base@24.0.1/java.lang.Thread.runWith(Thread.java:1460)
	at java.base@24.0.1/java.lang.Thread.run(Thread.java:1447)
	at org.graalvm.nativeimage.builder/com.oracle.svm.core.thread.PlatformThreads.threadStartRoutine(PlatformThreads.java:832)
	at org.graalvm.nativeimage.builder/com.oracle.svm.core.thread.PlatformThreads.threadStartRoutine(PlatformThreads.java:808)
2025-07-07 13:13:17 [reactor-http-epoll-1] DEBUG io.netty.channel.ChannelHandlerMask - Class class com.azure.core.http.netty.implementation.AzureSdkHandler missing method channelReadComplete, assume we can not skip execution
java.lang.NoSuchMethodException: com.azure.core.http.netty.implementation.AzureSdkHandler.channelReadComplete(io.netty.channel.ChannelHandlerContext)
	at java.base@24.0.1/java.lang.Class.checkMethod(DynamicHub.java:1176)
	at java.base@24.0.1/java.lang.Class.getMethod(DynamicHub.java:1170)
	at io.netty.channel.ChannelHandlerMask$2.run(ChannelHandlerMask.java:174)
	at io.netty.channel.ChannelHandlerMask$2.run(ChannelHandlerMask.java:169)
	at java.base@24.0.1/java.security.AccessController.doPrivileged(AccessController.java:251)
	at io.netty.channel.ChannelHandlerMask.isSkippable(ChannelHandlerMask.java:169)
	at io.netty.channel.ChannelHandlerMask.mask0(ChannelHandlerMask.java:112)
	at io.netty.channel.ChannelHandlerMask.mask(ChannelHandlerMask.java:82)
	at io.netty.channel.AbstractChannelHandlerContext.<init>(AbstractChannelHandlerContext.java:109)
	at io.netty.channel.DefaultChannelHandlerContext.<init>(DefaultChannelHandlerContext.java:26)
	at io.netty.channel.DefaultChannelPipeline.newContext(DefaultChannelPipeline.java:119)
	at io.netty.channel.DefaultChannelPipeline.internalAdd(DefaultChannelPipeline.java:169)
	at io.netty.channel.DefaultChannelPipeline.addBefore(DefaultChannelPipeline.java:246)
	at io.netty.channel.DefaultChannelPipeline.addBefore(DefaultChannelPipeline.java:240)
	at reactor.netty.ReactorNetty.addHandlerBeforeReactorEndHandlers(ReactorNetty.java:372)
	at reactor.netty.Connection.addHandlerLast(Connection.java:165)
	at reactor.netty.http.client.HttpClientOperations.addHandlerLast(HttpClientOperations.java:195)
	at reactor.netty.http.client.HttpClientOperations.addHandlerLast(HttpClientOperations.java:103)
	at com.azure.core.http.netty.NettyAsyncHttpClientBuilder.addHandler(NettyAsyncHttpClientBuilder.java:569)
	at com.azure.core.http.netty.NettyAsyncHttpClientBuilder.lambda$build$1(NettyAsyncHttpClientBuilder.java:204)
	at reactor.netty.http.client.HttpClientConfig$HttpClientDoOn.onStateChange(HttpClientConfig.java:1005)
	at reactor.netty.ReactorNetty$CompositeConnectionObserver.onStateChange(ReactorNetty.java:707)
	at reactor.netty.resources.DefaultPooledConnectionProvider$DisposableAcquire.onStateChange(DefaultPooledConnectionProvider.java:193)
	at reactor.netty.resources.DefaultPooledConnectionProvider$PooledConnection.onStateChange(DefaultPooledConnectionProvider.java:454)
	at reactor.netty.http.client.HttpClientConnect$HttpClientHandler.requestWithBody(HttpClientConnect.java:567)
	at reactor.netty.http.client.HttpClientConnect$HttpIOHandlerObserver.lambda$onStateChange$0(HttpClientConnect.java:444)
	at reactor.core.publisher.MonoDefer.subscribe(MonoDefer.java:45)
	at reactor.netty.http.client.HttpClientConnect$HttpIOHandlerObserver.onStateChange(HttpClientConnect.java:445)
	at reactor.netty.ReactorNetty$CompositeConnectionObserver.onStateChange(ReactorNetty.java:707)
	at reactor.netty.resources.DefaultPooledConnectionProvider$DisposableAcquire.onStateChange(DefaultPooledConnectionProvider.java:193)
	at reactor.netty.resources.DefaultPooledConnectionProvider$PooledConnection.onStateChange(DefaultPooledConnectionProvider.java:454)
	at reactor.netty.channel.ChannelOperationsHandler.channelActive(ChannelOperationsHandler.java:62)
	at io.netty.channel.AbstractChannelHandlerContext.invokeChannelActive(AbstractChannelHandlerContext.java:260)
	at io.netty.channel.AbstractChannelHandlerContext.invokeChannelActive(AbstractChannelHandlerContext.java:238)
	at io.netty.channel.AbstractChannelHandlerContext.fireChannelActive(AbstractChannelHandlerContext.java:231)
	at io.netty.channel.CombinedChannelDuplexHandler$DelegatingChannelHandlerContext.fireChannelActive(CombinedChannelDuplexHandler.java:412)
	at io.netty.channel.ChannelInboundHandlerAdapter.channelActive(ChannelInboundHandlerAdapter.java:69)
	at io.netty.channel.CombinedChannelDuplexHandler.channelActive(CombinedChannelDuplexHandler.java:211)
	at io.netty.channel.AbstractChannelHandlerContext.invokeChannelActive(AbstractChannelHandlerContext.java:260)
	at io.netty.channel.AbstractChannelHandlerContext.invokeChannelActive(AbstractChannelHandlerContext.java:238)
	at io.netty.channel.AbstractChannelHandlerContext.fireChannelActive(AbstractChannelHandlerContext.java:231)
	at reactor.netty.tcp.SslProvider$SslReadHandler.userEventTriggered(SslProvider.java:861)
	at io.netty.channel.AbstractChannelHandlerContext.invokeUserEventTriggered(AbstractChannelHandlerContext.java:398)
	at io.netty.channel.AbstractChannelHandlerContext.invokeUserEventTriggered(AbstractChannelHandlerContext.java:376)
	at io.netty.channel.AbstractChannelHandlerContext.fireUserEventTriggered(AbstractChannelHandlerContext.java:368)
	at io.netty.handler.ssl.SslHandler.setHandshakeSuccess(SslHandler.java:1991)
	at io.netty.handler.ssl.SslHandler.wrapNonAppData(SslHandler.java:1017)
	at io.netty.handler.ssl.SslHandler.unwrap(SslHandler.java:1551)
	at io.netty.handler.ssl.SslHandler.decodeJdkCompatible(SslHandler.java:1378)
	at io.netty.handler.ssl.SslHandler.decode(SslHandler.java:1427)
	at io.netty.handler.codec.ByteToMessageDecoder.decodeRemovalReentryProtection(ByteToMessageDecoder.java:530)
	at io.netty.handler.codec.ByteToMessageDecoder.callDecode(ByteToMessageDecoder.java:469)
	at io.netty.handler.codec.ByteToMessageDecoder.channelRead(ByteToMessageDecoder.java:290)
	at io.netty.channel.AbstractChannelHandlerContext.invokeChannelRead(AbstractChannelHandlerContext.java:444)
	at io.netty.channel.AbstractChannelHandlerContext.invokeChannelRead(AbstractChannelHandlerContext.java:420)
	at io.netty.channel.AbstractChannelHandlerContext.fireChannelRead(AbstractChannelHandlerContext.java:412)
	at io.netty.channel.DefaultChannelPipeline$HeadContext.channelRead(DefaultChannelPipeline.java:1357)
	at io.netty.channel.AbstractChannelHandlerContext.invokeChannelRead(AbstractChannelHandlerContext.java:440)
	at io.netty.channel.AbstractChannelHandlerContext.invokeChannelRead(AbstractChannelHandlerContext.java:420)
	at io.netty.channel.DefaultChannelPipeline.fireChannelRead(DefaultChannelPipeline.java:868)
	at io.netty.channel.epoll.AbstractEpollStreamChannel$EpollStreamUnsafe.epollInReady(AbstractEpollStreamChannel.java:799)
	at io.netty.channel.epoll.AbstractEpollChannel$AbstractEpollUnsafe$1.run(AbstractEpollChannel.java:425)
	at io.netty.util.concurrent.AbstractEventExecutor.runTask(AbstractEventExecutor.java:173)
	at io.netty.util.concurrent.AbstractEventExecutor.safeExecute(AbstractEventExecutor.java:166)
	at io.netty.util.concurrent.SingleThreadEventExecutor.runAllTasks(SingleThreadEventExecutor.java:472)
	at io.netty.channel.epoll.EpollEventLoop.run(EpollEventLoop.java:405)
	at io.netty.util.concurrent.SingleThreadEventExecutor$4.run(SingleThreadEventExecutor.java:998)
	at io.netty.util.internal.ThreadExecutorMap$2.run(ThreadExecutorMap.java:74)
	at io.netty.util.concurrent.FastThreadLocalRunnable.run(FastThreadLocalRunnable.java:30)
	at java.base@24.0.1/java.lang.Thread.runWith(Thread.java:1460)
	at java.base@24.0.1/java.lang.Thread.run(Thread.java:1447)
	at org.graalvm.nativeimage.builder/com.oracle.svm.core.thread.PlatformThreads.threadStartRoutine(PlatformThreads.java:832)
	at org.graalvm.nativeimage.builder/com.oracle.svm.core.thread.PlatformThreads.threadStartRoutine(PlatformThreads.java:808)
2025-07-07 13:13:17 [reactor-http-epoll-1] DEBUG io.netty.channel.ChannelHandlerMask - Class class com.azure.core.http.netty.implementation.AzureSdkHandler missing method write, assume we can not skip execution
java.lang.NoSuchMethodException: com.azure.core.http.netty.implementation.AzureSdkHandler.write(io.netty.channel.ChannelHandlerContext, java.lang.Object, io.netty.channel.ChannelPromise)
	at java.base@24.0.1/java.lang.Class.checkMethod(DynamicHub.java:1176)
	at java.base@24.0.1/java.lang.Class.getMethod(DynamicHub.java:1170)
	at io.netty.channel.ChannelHandlerMask$2.run(ChannelHandlerMask.java:174)
	at io.netty.channel.ChannelHandlerMask$2.run(ChannelHandlerMask.java:169)
	at java.base@24.0.1/java.security.AccessController.doPrivileged(AccessController.java:251)
	at io.netty.channel.ChannelHandlerMask.isSkippable(ChannelHandlerMask.java:169)
	at io.netty.channel.ChannelHandlerMask.mask0(ChannelHandlerMask.java:146)
	at io.netty.channel.ChannelHandlerMask.mask(ChannelHandlerMask.java:82)
	at io.netty.channel.AbstractChannelHandlerContext.<init>(AbstractChannelHandlerContext.java:109)
	at io.netty.channel.DefaultChannelHandlerContext.<init>(DefaultChannelHandlerContext.java:26)
	at io.netty.channel.DefaultChannelPipeline.newContext(DefaultChannelPipeline.java:119)
	at io.netty.channel.DefaultChannelPipeline.internalAdd(DefaultChannelPipeline.java:169)
	at io.netty.channel.DefaultChannelPipeline.addBefore(DefaultChannelPipeline.java:246)
	at io.netty.channel.DefaultChannelPipeline.addBefore(DefaultChannelPipeline.java:240)
	at reactor.netty.ReactorNetty.addHandlerBeforeReactorEndHandlers(ReactorNetty.java:372)
	at reactor.netty.Connection.addHandlerLast(Connection.java:165)
	at reactor.netty.http.client.HttpClientOperations.addHandlerLast(HttpClientOperations.java:195)
	at reactor.netty.http.client.HttpClientOperations.addHandlerLast(HttpClientOperations.java:103)
	at com.azure.core.http.netty.NettyAsyncHttpClientBuilder.addHandler(NettyAsyncHttpClientBuilder.java:569)
	at com.azure.core.http.netty.NettyAsyncHttpClientBuilder.lambda$build$1(NettyAsyncHttpClientBuilder.java:204)
	at reactor.netty.http.client.HttpClientConfig$HttpClientDoOn.onStateChange(HttpClientConfig.java:1005)
	at reactor.netty.ReactorNetty$CompositeConnectionObserver.onStateChange(ReactorNetty.java:707)
	at reactor.netty.resources.DefaultPooledConnectionProvider$DisposableAcquire.onStateChange(DefaultPooledConnectionProvider.java:193)
	at reactor.netty.resources.DefaultPooledConnectionProvider$PooledConnection.onStateChange(DefaultPooledConnectionProvider.java:454)
	at reactor.netty.http.client.HttpClientConnect$HttpClientHandler.requestWithBody(HttpClientConnect.java:567)
	at reactor.netty.http.client.HttpClientConnect$HttpIOHandlerObserver.lambda$onStateChange$0(HttpClientConnect.java:444)
	at reactor.core.publisher.MonoDefer.subscribe(MonoDefer.java:45)
	at reactor.netty.http.client.HttpClientConnect$HttpIOHandlerObserver.onStateChange(HttpClientConnect.java:445)
	at reactor.netty.ReactorNetty$CompositeConnectionObserver.onStateChange(ReactorNetty.java:707)
	at reactor.netty.resources.DefaultPooledConnectionProvider$DisposableAcquire.onStateChange(DefaultPooledConnectionProvider.java:193)
	at reactor.netty.resources.DefaultPooledConnectionProvider$PooledConnection.onStateChange(DefaultPooledConnectionProvider.java:454)
	at reactor.netty.channel.ChannelOperationsHandler.channelActive(ChannelOperationsHandler.java:62)
	at io.netty.channel.AbstractChannelHandlerContext.invokeChannelActive(AbstractChannelHandlerContext.java:260)
	at io.netty.channel.AbstractChannelHandlerContext.invokeChannelActive(AbstractChannelHandlerContext.java:238)
	at io.netty.channel.AbstractChannelHandlerContext.fireChannelActive(AbstractChannelHandlerContext.java:231)
	at io.netty.channel.CombinedChannelDuplexHandler$DelegatingChannelHandlerContext.fireChannelActive(CombinedChannelDuplexHandler.java:412)
	at io.netty.channel.ChannelInboundHandlerAdapter.channelActive(ChannelInboundHandlerAdapter.java:69)
	at io.netty.channel.CombinedChannelDuplexHandler.channelActive(CombinedChannelDuplexHandler.java:211)
	at io.netty.channel.AbstractChannelHandlerContext.invokeChannelActive(AbstractChannelHandlerContext.java:260)
	at io.netty.channel.AbstractChannelHandlerContext.invokeChannelActive(AbstractChannelHandlerContext.java:238)
	at io.netty.channel.AbstractChannelHandlerContext.fireChannelActive(AbstractChannelHandlerContext.java:231)
	at reactor.netty.tcp.SslProvider$SslReadHandler.userEventTriggered(SslProvider.java:861)
	at io.netty.channel.AbstractChannelHandlerContext.invokeUserEventTriggered(AbstractChannelHandlerContext.java:398)
	at io.netty.channel.AbstractChannelHandlerContext.invokeUserEventTriggered(AbstractChannelHandlerContext.java:376)
	at io.netty.channel.AbstractChannelHandlerContext.fireUserEventTriggered(AbstractChannelHandlerContext.java:368)
	at io.netty.handler.ssl.SslHandler.setHandshakeSuccess(SslHandler.java:1991)
	at io.netty.handler.ssl.SslHandler.wrapNonAppData(SslHandler.java:1017)
	at io.netty.handler.ssl.SslHandler.unwrap(SslHandler.java:1551)
	at io.netty.handler.ssl.SslHandler.decodeJdkCompatible(SslHandler.java:1378)
	at io.netty.handler.ssl.SslHandler.decode(SslHandler.java:1427)
	at io.netty.handler.codec.ByteToMessageDecoder.decodeRemovalReentryProtection(ByteToMessageDecoder.java:530)
	at io.netty.handler.codec.ByteToMessageDecoder.callDecode(ByteToMessageDecoder.java:469)
	at io.netty.handler.codec.ByteToMessageDecoder.channelRead(ByteToMessageDecoder.java:290)
	at io.netty.channel.AbstractChannelHandlerContext.invokeChannelRead(AbstractChannelHandlerContext.java:444)
	at io.netty.channel.AbstractChannelHandlerContext.invokeChannelRead(AbstractChannelHandlerContext.java:420)
	at io.netty.channel.AbstractChannelHandlerContext.fireChannelRead(AbstractChannelHandlerContext.java:412)
	at io.netty.channel.DefaultChannelPipeline$HeadContext.channelRead(DefaultChannelPipeline.java:1357)
	at io.netty.channel.AbstractChannelHandlerContext.invokeChannelRead(AbstractChannelHandlerContext.java:440)
	at io.netty.channel.AbstractChannelHandlerContext.invokeChannelRead(AbstractChannelHandlerContext.java:420)
	at io.netty.channel.DefaultChannelPipeline.fireChannelRead(DefaultChannelPipeline.java:868)
	at io.netty.channel.epoll.AbstractEpollStreamChannel$EpollStreamUnsafe.epollInReady(AbstractEpollStreamChannel.java:799)
	at io.netty.channel.epoll.AbstractEpollChannel$AbstractEpollUnsafe$1.run(AbstractEpollChannel.java:425)
	at io.netty.util.concurrent.AbstractEventExecutor.runTask(AbstractEventExecutor.java:173)
	at io.netty.util.concurrent.AbstractEventExecutor.safeExecute(AbstractEventExecutor.java:166)
	at io.netty.util.concurrent.SingleThreadEventExecutor.runAllTasks(SingleThreadEventExecutor.java:472)
	at io.netty.channel.epoll.EpollEventLoop.run(EpollEventLoop.java:405)
	at io.netty.util.concurrent.SingleThreadEventExecutor$4.run(SingleThreadEventExecutor.java:998)
	at io.netty.util.internal.ThreadExecutorMap$2.run(ThreadExecutorMap.java:74)
	at io.netty.util.concurrent.FastThreadLocalRunnable.run(FastThreadLocalRunnable.java:30)
	at java.base@24.0.1/java.lang.Thread.runWith(Thread.java:1460)
	at java.base@24.0.1/java.lang.Thread.run(Thread.java:1447)
	at org.graalvm.nativeimage.builder/com.oracle.svm.core.thread.PlatformThreads.threadStartRoutine(PlatformThreads.java:832)
	at org.graalvm.nativeimage.builder/com.oracle.svm.core.thread.PlatformThreads.threadStartRoutine(PlatformThreads.java:808)
2025-07-07 13:13:17 [reactor-http-epoll-1] DEBUG reactor.netty.ReactorNetty - [c319a25a-1, L:/192.168.68.61:39812 - R:ensostorage.blob.core.windows.net/20.60.17.196:443] Added decoder [azureSdkHandler] at the end of the user pipeline, full pipeline: [reactor.left.sslHandler, reactor.left.httpCodec, azureSdkHandler, reactor.right.reactiveBridge, DefaultChannelPipeline$TailContext#0]
2025-07-07 13:13:17 [reactor-http-epoll-1] DEBUG r.n.r.DefaultPooledConnectionProvider - [c319a25a-1, L:/192.168.68.61:39812 - R:ensostorage.blob.core.windows.net/20.60.17.196:443] onStateChange(GET{uri=/test-container, connection=PooledConnection{channel=[id: 0xc319a25a, L:/192.168.68.61:39812 - R:ensostorage.blob.core.windows.net/20.60.17.196:443]}}, [request_sent])
2025-07-07 13:13:17 [reactor-http-epoll-1] DEBUG r.n.http.client.HttpClientOperations - [c319a25a-1, L:/192.168.68.61:39812 - R:ensostorage.blob.core.windows.net/20.60.17.196:443] Received response (auto-read:false) : RESPONSE(decodeResult: success, version: HTTP/1.1)
HTTP/1.1 403 Server failed to authenticate the request. Make sure the value of Authorization header is formed correctly including the signature.
Content-Length: <filtered>
Content-Type: <filtered>
Server: <filtered>
x-ms-request-id: <filtered>
x-ms-error-code: <filtered>
Date: <filtered>
2025-07-07 13:13:17 [reactor-http-epoll-1] DEBUG r.n.r.DefaultPooledConnectionProvider - [c319a25a-1, L:/192.168.68.61:39812 - R:ensostorage.blob.core.windows.net/20.60.17.196:443] onStateChange(GET{uri=/test-container, connection=PooledConnection{channel=[id: 0xc319a25a, L:/192.168.68.61:39812 - R:ensostorage.blob.core.windows.net/20.60.17.196:443]}}, [response_received])
2025-07-07 13:13:17 [reactor-http-epoll-1] DEBUG reactor.netty.channel.FluxReceive - [c319a25a-1, L:/192.168.68.61:39812 - R:ensostorage.blob.core.windows.net/20.60.17.196:443] [terminated=false, cancelled=false, pending=0, error=null]: subscribing inbound receiver
2025-07-07 13:13:17 [reactor-http-epoll-1] DEBUG r.n.http.client.HttpClientOperations - [c319a25a-1, L:/192.168.68.61:39812 - R:ensostorage.blob.core.windows.net/20.60.17.196:443] Received last HTTP packet
2025-07-07 13:13:17 [reactor-http-epoll-1] DEBUG r.n.r.DefaultPooledConnectionProvider - [c319a25a, L:/192.168.68.61:39812 - R:ensostorage.blob.core.windows.net/20.60.17.196:443] onStateChange(GET{uri=/test-container, connection=PooledConnection{channel=[id: 0xc319a25a, L:/192.168.68.61:39812 - R:ensostorage.blob.core.windows.net/20.60.17.196:443]}}, [response_completed])
2025-07-07 13:13:17 [reactor-http-epoll-1] DEBUG reactor.netty.ReactorNetty - [c319a25a, L:/192.168.68.61:39812 - R:ensostorage.blob.core.windows.net/20.60.17.196:443] Removed handler: azureSdkHandler, pipeline: DefaultChannelPipeline{(reactor.left.sslHandler = io.netty.handler.ssl.SslHandler), (reactor.left.httpCodec = io.netty.handler.codec.http.HttpClientCodec), (reactor.right.reactiveBridge = reactor.netty.channel.ChannelOperationsHandler)}
2025-07-07 13:13:17 [reactor-http-epoll-1] DEBUG reactor.netty.ReactorNetty - [c319a25a, L:/192.168.68.61:39812 - R:ensostorage.blob.core.windows.net/20.60.17.196:443] Non Removed handler: azureSdkHandler, context: null, pipeline: DefaultChannelPipeline{(reactor.left.sslHandler = io.netty.handler.ssl.SslHandler), (reactor.left.httpCodec = io.netty.handler.codec.http.HttpClientCodec), (reactor.right.reactiveBridge = reactor.netty.channel.ChannelOperationsHandler)}
2025-07-07 13:13:17 [reactor-http-epoll-1] DEBUG r.n.r.DefaultPooledConnectionProvider - [c319a25a, L:/192.168.68.61:39812 - R:ensostorage.blob.core.windows.net/20.60.17.196:443] onStateChange(GET{uri=/test-container, connection=PooledConnection{channel=[id: 0xc319a25a, L:/192.168.68.61:39812 - R:ensostorage.blob.core.windows.net/20.60.17.196:443]}}, [disconnecting])
2025-07-07 13:13:17 [reactor-http-epoll-1] DEBUG r.n.r.DefaultPooledConnectionProvider - [c319a25a, L:/192.168.68.61:39812 - R:ensostorage.blob.core.windows.net/20.60.17.196:443] Releasing channel
2025-07-07 13:13:17 [reactor-http-epoll-1] DEBUG r.n.r.PooledConnectionProvider - [c319a25a, L:/192.168.68.61:39812 - R:ensostorage.blob.core.windows.net/20.60.17.196:443] Channel cleaned, now: 0 active connections, 1 inactive connections and 0 pending acquire requests.
2025-07-07 13:13:17 [main] DEBUG c.a.c.i.jackson.JacksonVersion - Could not find version of 'jackson-dataformat-xml'.
2025-07-07 13:13:17 [main] INFO  c.a.c.i.jackson.JacksonVersion - Package versions: jackson-core=2.17.2, jackson-databind=2.17.2, jackson-dataformat-xml=unknown, jackson-datatype-jsr310=2.17.2, azure-core=unknown, Troubleshooting version conflicts: https://aka.ms/azsdk/java/dependency/troubleshoot
2025-07-07 13:13:17 [main] ERROR c.a.c.i.jackson.XmlMapperFactory - Failed to retrieve invoker used to create XmlMapper. XML serialization won't be supported until 'com.fasterxml.jackson.dataformat:jackson-dataformat-xml' is added to the classpath or updated to a supported version. Package versions: jackson-core=2.17.2, jackson-databind=2.17.2, jackson-dataformat-xml=unknown, jackson-datatype-jsr310=2.17.2, azure-core=unknown, Troubleshooting version conflicts: https://aka.ms/azsdk/java/dependency/troubleshoot
java.lang.IllegalStateException: Failed to retrieve invoker used to create XmlMapper. XML serialization won't be supported until 'com.fasterxml.jackson.dataformat:jackson-dataformat-xml' is added to the classpath or updated to a supported version. Package versions: jackson-core=2.17.2, jackson-databind=2.17.2, jackson-dataformat-xml=unknown, jackson-datatype-jsr310=2.17.2, azure-core=unknown, Troubleshooting version conflicts: https://aka.ms/azsdk/java/dependency/troubleshoot
	at com.azure.core.implementation.jackson.XmlMapperFactory.<init>(XmlMapperFactory.java:75)
	at com.azure.core.implementation.jackson.XmlMapperFactory.<clinit>(XmlMapperFactory.java:37)
	at com.azure.core.implementation.jackson.ObjectMapperFactory.createXmlMapper(ObjectMapperFactory.java:64)
	at com.azure.core.implementation.jackson.ObjectMapperShim.createXmlMapper(ObjectMapperShim.java:84)
	at com.azure.core.util.serializer.JacksonAdapter$GlobalXmlMapper.<clinit>(JacksonAdapter.java:65)
	at com.azure.core.util.serializer.JacksonAdapter.getXmlMapper(JacksonAdapter.java:469)
	at com.azure.core.util.serializer.JacksonAdapter.lambda$deserialize$9(JacksonAdapter.java:351)
	at com.azure.core.util.serializer.JacksonAdapter.useAccessHelper(JacksonAdapter.java:488)
	at com.azure.core.util.serializer.JacksonAdapter.deserialize(JacksonAdapter.java:346)
	at com.azure.core.implementation.serializer.HttpResponseBodyDecoder.deserialize(HttpResponseBodyDecoder.java:176)
	at com.azure.core.implementation.serializer.HttpResponseBodyDecoder.deserializeBody(HttpResponseBodyDecoder.java:150)
	at com.azure.core.implementation.serializer.HttpResponseBodyDecoder.decodeByteArray(HttpResponseBodyDecoder.java:67)
	at com.azure.core.implementation.serializer.HttpResponseDecoder$HttpDecodedResponse.getDecodedBody(HttpResponseDecoder.java:93)
	at com.azure.core.implementation.http.rest.SyncRestProxy.ensureExpectedStatus(SyncRestProxy.java:131)
	at com.azure.core.implementation.http.rest.SyncRestProxy.handleRestReturnType(SyncRestProxy.java:211)
	at com.azure.core.implementation.http.rest.SyncRestProxy.invoke(SyncRestProxy.java:86)
	at com.azure.core.implementation.http.rest.RestProxyBase.invoke(RestProxyBase.java:124)
	at com.azure.core.http.rest.RestProxy.invoke(RestProxy.java:95)
	at jdk.proxy4/jdk.proxy4.$Proxy/s1c4e4982.getPropertiesSync(Unknown Source)
	at com.azure.storage.blob.implementation.ContainersImpl.getPropertiesWithResponse(ContainersImpl.java:1471)
	at com.azure.storage.blob.BlobContainerClient.lambda$getPropertiesWithResponse$2(BlobContainerClient.java:672)
	at com.azure.storage.common.implementation.StorageImplUtils.sendRequest(StorageImplUtils.java:494)
	at com.azure.storage.blob.BlobContainerClient.getPropertiesWithResponse(BlobContainerClient.java:674)
	at com.azure.storage.blob.BlobContainerClient.existsWithResponse(BlobContainerClient.java:345)
	at com.azure.storage.blob.BlobContainerClient.exists(BlobContainerClient.java:324)
	at org.akirathan.netty.AzureConnector.listBlob(AzureConnector.java:41)
	at org.akirathan.netty.AzureConnector.listBlob(AzureConnector.java:18)
	at org.akirathan.netty.Main.main(Main.java:18)
	at java.base@24.0.1/java.lang.invoke.LambdaForm$DMH/sa346b79c.invokeStaticInit(LambdaForm$DMH)
Caused by: java.lang.ClassNotFoundException: com.fasterxml.jackson.dataformat.xml.XmlMapper. This exception was synthesized during native image building from a call to java.lang.Class.forName(String, boolean, ClassLoader) with constant arguments.
	at com.azure.core.implementation.jackson.XmlMapperFactory.<init>(XmlMapperFactory.java:49)
	... 28 common frames omitted
2025-07-07 13:13:17 [main] ERROR c.a.c.i.jackson.ObjectMapperShim - Package versions: jackson-core=2.17.2, jackson-databind=2.17.2, jackson-dataformat-xml=unknown, jackson-datatype-jsr310=2.17.2, azure-core=unknown, Troubleshooting version conflicts: https://aka.ms/azsdk/java/dependency/troubleshoot
java.lang.LinkageError: Package versions: jackson-core=2.17.2, jackson-databind=2.17.2, jackson-dataformat-xml=unknown, jackson-datatype-jsr310=2.17.2, azure-core=unknown, Troubleshooting version conflicts: https://aka.ms/azsdk/java/dependency/troubleshoot
	at com.azure.core.implementation.jackson.ObjectMapperShim.createXmlMapper(ObjectMapperShim.java:87)
	at com.azure.core.util.serializer.JacksonAdapter$GlobalXmlMapper.<clinit>(JacksonAdapter.java:65)
	at com.azure.core.util.serializer.JacksonAdapter.getXmlMapper(JacksonAdapter.java:469)
	at com.azure.core.util.serializer.JacksonAdapter.lambda$deserialize$9(JacksonAdapter.java:351)
	at com.azure.core.util.serializer.JacksonAdapter.useAccessHelper(JacksonAdapter.java:488)
	at com.azure.core.util.serializer.JacksonAdapter.deserialize(JacksonAdapter.java:346)
	at com.azure.core.implementation.serializer.HttpResponseBodyDecoder.deserialize(HttpResponseBodyDecoder.java:176)
	at com.azure.core.implementation.serializer.HttpResponseBodyDecoder.deserializeBody(HttpResponseBodyDecoder.java:150)
	at com.azure.core.implementation.serializer.HttpResponseBodyDecoder.decodeByteArray(HttpResponseBodyDecoder.java:67)
	at com.azure.core.implementation.serializer.HttpResponseDecoder$HttpDecodedResponse.getDecodedBody(HttpResponseDecoder.java:93)
	at com.azure.core.implementation.http.rest.SyncRestProxy.ensureExpectedStatus(SyncRestProxy.java:131)
	at com.azure.core.implementation.http.rest.SyncRestProxy.handleRestReturnType(SyncRestProxy.java:211)
	at com.azure.core.implementation.http.rest.SyncRestProxy.invoke(SyncRestProxy.java:86)
	at com.azure.core.implementation.http.rest.RestProxyBase.invoke(RestProxyBase.java:124)
	at com.azure.core.http.rest.RestProxy.invoke(RestProxy.java:95)
	at jdk.proxy4/jdk.proxy4.$Proxy/s1c4e4982.getPropertiesSync(Unknown Source)
	at com.azure.storage.blob.implementation.ContainersImpl.getPropertiesWithResponse(ContainersImpl.java:1471)
	at com.azure.storage.blob.BlobContainerClient.lambda$getPropertiesWithResponse$2(BlobContainerClient.java:672)
	at com.azure.storage.common.implementation.StorageImplUtils.sendRequest(StorageImplUtils.java:494)
	at com.azure.storage.blob.BlobContainerClient.getPropertiesWithResponse(BlobContainerClient.java:674)
	at com.azure.storage.blob.BlobContainerClient.existsWithResponse(BlobContainerClient.java:345)
	at com.azure.storage.blob.BlobContainerClient.exists(BlobContainerClient.java:324)
	at org.akirathan.netty.AzureConnector.listBlob(AzureConnector.java:41)
	at org.akirathan.netty.AzureConnector.listBlob(AzureConnector.java:18)
	at org.akirathan.netty.Main.main(Main.java:18)
	at java.base@24.0.1/java.lang.invoke.LambdaForm$DMH/sa346b79c.invokeStaticInit(LambdaForm$DMH)
Caused by: java.lang.ExceptionInInitializerError: null
	at com.azure.core.implementation.jackson.ObjectMapperFactory.createXmlMapper(ObjectMapperFactory.java:64)
	at com.azure.core.implementation.jackson.ObjectMapperShim.createXmlMapper(ObjectMapperShim.java:84)
	... 25 common frames omitted
Caused by: java.lang.IllegalStateException: Failed to retrieve invoker used to create XmlMapper. XML serialization won't be supported until 'com.fasterxml.jackson.dataformat:jackson-dataformat-xml' is added to the classpath or updated to a supported version. Package versions: jackson-core=2.17.2, jackson-databind=2.17.2, jackson-dataformat-xml=unknown, jackson-datatype-jsr310=2.17.2, azure-core=unknown, Troubleshooting version conflicts: https://aka.ms/azsdk/java/dependency/troubleshoot
	at com.azure.core.implementation.jackson.XmlMapperFactory.<init>(XmlMapperFactory.java:75)
	at com.azure.core.implementation.jackson.XmlMapperFactory.<clinit>(XmlMapperFactory.java:37)
	... 27 common frames omitted
Caused by: java.lang.ClassNotFoundException: com.fasterxml.jackson.dataformat.xml.XmlMapper. This exception was synthesized during native image building from a call to java.lang.Class.forName(String, boolean, ClassLoader) with constant arguments.
	at com.azure.core.implementation.jackson.XmlMapperFactory.<init>(XmlMapperFactory.java:49)
	... 28 common frames omitted
Exception in thread "main" java.lang.LinkageError: Package versions: jackson-core=2.17.2, jackson-databind=2.17.2, jackson-dataformat-xml=unknown, jackson-datatype-jsr310=2.17.2, azure-core=unknown, Troubleshooting version conflicts: https://aka.ms/azsdk/java/dependency/troubleshoot
	at com.azure.core.implementation.jackson.ObjectMapperShim.createXmlMapper(ObjectMapperShim.java:87)
	at com.azure.core.util.serializer.JacksonAdapter$GlobalXmlMapper.<clinit>(JacksonAdapter.java:65)
	at com.azure.core.util.serializer.JacksonAdapter.getXmlMapper(JacksonAdapter.java:469)
	at com.azure.core.util.serializer.JacksonAdapter.lambda$deserialize$9(JacksonAdapter.java:351)
	at com.azure.core.util.serializer.JacksonAdapter.useAccessHelper(JacksonAdapter.java:488)
	at com.azure.core.util.serializer.JacksonAdapter.deserialize(JacksonAdapter.java:346)
	at com.azure.core.implementation.serializer.HttpResponseBodyDecoder.deserialize(HttpResponseBodyDecoder.java:176)
	at com.azure.core.implementation.serializer.HttpResponseBodyDecoder.deserializeBody(HttpResponseBodyDecoder.java:150)
	at com.azure.core.implementation.serializer.HttpResponseBodyDecoder.decodeByteArray(HttpResponseBodyDecoder.java:67)
	at com.azure.core.implementation.serializer.HttpResponseDecoder$HttpDecodedResponse.getDecodedBody(HttpResponseDecoder.java:93)
	at com.azure.core.implementation.http.rest.SyncRestProxy.ensureExpectedStatus(SyncRestProxy.java:131)
	at com.azure.core.implementation.http.rest.SyncRestProxy.handleRestReturnType(SyncRestProxy.java:211)
	at com.azure.core.implementation.http.rest.SyncRestProxy.invoke(SyncRestProxy.java:86)
	at com.azure.core.implementation.http.rest.RestProxyBase.invoke(RestProxyBase.java:124)
	at com.azure.core.http.rest.RestProxy.invoke(RestProxy.java:95)
	at jdk.proxy4/jdk.proxy4.$Proxy/s1c4e4982.getPropertiesSync(Unknown Source)
	at com.azure.storage.blob.implementation.ContainersImpl.getPropertiesWithResponse(ContainersImpl.java:1471)
	at com.azure.storage.blob.BlobContainerClient.lambda$getPropertiesWithResponse$2(BlobContainerClient.java:672)
	at com.azure.storage.common.implementation.StorageImplUtils.sendRequest(StorageImplUtils.java:494)
	at com.azure.storage.blob.BlobContainerClient.getPropertiesWithResponse(BlobContainerClient.java:674)
	at com.azure.storage.blob.BlobContainerClient.existsWithResponse(BlobContainerClient.java:345)
	at com.azure.storage.blob.BlobContainerClient.exists(BlobContainerClient.java:324)
	at org.akirathan.netty.AzureConnector.listBlob(AzureConnector.java:41)
	at org.akirathan.netty.AzureConnector.listBlob(AzureConnector.java:18)
	at org.akirathan.netty.Main.main(Main.java:18)
	at java.base@24.0.1/java.lang.invoke.LambdaForm$DMH/sa346b79c.invokeStaticInit(LambdaForm$DMH)
Caused by: java.lang.ExceptionInInitializerError
	at com.azure.core.implementation.jackson.ObjectMapperFactory.createXmlMapper(ObjectMapperFactory.java:64)
	at com.azure.core.implementation.jackson.ObjectMapperShim.createXmlMapper(ObjectMapperShim.java:84)
	... 25 more
Caused by: java.lang.IllegalStateException: Failed to retrieve invoker used to create XmlMapper. XML serialization won't be supported until 'com.fasterxml.jackson.dataformat:jackson-dataformat-xml' is added to the classpath or updated to a supported version. Package versions: jackson-core=2.17.2, jackson-databind=2.17.2, jackson-dataformat-xml=unknown, jackson-datatype-jsr310=2.17.2, azure-core=unknown, Troubleshooting version conflicts: https://aka.ms/azsdk/java/dependency/troubleshoot
	at com.azure.core.implementation.jackson.XmlMapperFactory.<init>(XmlMapperFactory.java:75)
	at com.azure.core.implementation.jackson.XmlMapperFactory.<clinit>(XmlMapperFactory.java:37)
	... 27 more
Caused by: java.lang.ClassNotFoundException: com.fasterxml.jackson.dataformat.xml.XmlMapper. This exception was synthesized during native image building from a call to java.lang.Class.forName(String, boolean, ClassLoader) with constant arguments.
	at com.azure.core.implementation.jackson.XmlMapperFactory.<init>(XmlMapperFactory.java:49)
	... 28 more
